eu_id,date2,subrep,weed_type,count
30502,2019-05-22,1,dicot,324
30502,2019-05-22,1,monocot,0
30502,2019-05-22,1,cirar,0
30502,2019-05-22,1,equar,0
30502,2019-05-22,2,dicot,340
30502,2019-05-22,2,monocot,12
30502,2019-05-22,2,cirar,0
30502,2019-05-22,2,equar,0
30502,2019-05-22,3,dicot,224
30502,2019-05-22,3,monocot,16
30502,2019-05-22,3,cirar,0
30502,2019-05-22,3,equar,0
30503,2019-05-22,1,dicot,144
30503,2019-05-22,1,monocot,0
30503,2019-05-22,1,cirar,0
30503,2019-05-22,1,equar,0
30503,2019-05-22,2,dicot,176
30503,2019-05-22,2,monocot,0
30503,2019-05-22,2,cirar,0
30503,2019-05-22,2,equar,0
30503,2019-05-22,3,dicot,184
30503,2019-05-22,3,monocot,12
30503,2019-05-22,3,cirar,0
30503,2019-05-22,3,equar,0
30504,2019-05-22,1,dicot,168
30504,2019-05-22,1,monocot,12
30504,2019-05-22,1,cirar,0
30504,2019-05-22,1,equar,0
30504,2019-05-22,2,dicot,248
30504,2019-05-22,2,monocot,0
30504,2019-05-22,2,cirar,0
30504,2019-05-22,2,equar,0
30504,2019-05-22,3,dicot,224
30504,2019-05-22,3,monocot,12
30504,2019-05-22,3,cirar,0
30504,2019-05-22,3,equar,0
30505,2019-05-22,1,dicot,232
30505,2019-05-22,1,monocot,8
30505,2019-05-22,1,cirar,0
30505,2019-05-22,1,equar,0
30505,2019-05-22,2,dicot,272
30505,2019-05-22,2,monocot,16
30505,2019-05-22,2,cirar,0
30505,2019-05-22,2,equar,0
30505,2019-05-22,3,dicot,264
30505,2019-05-22,3,monocot,12
30505,2019-05-22,3,cirar,0
30505,2019-05-22,3,equar,0
30506,2019-05-22,1,dicot,248
30506,2019-05-22,1,monocot,20
30506,2019-05-22,1,cirar,0
30506,2019-05-22,1,equar,0
30506,2019-05-22,2,dicot,176
30506,2019-05-22,2,monocot,12
30506,2019-05-22,2,cirar,0
30506,2019-05-22,2,equar,0
30506,2019-05-22,3,dicot,264
30506,2019-05-22,3,monocot,8
30506,2019-05-22,3,cirar,0
30506,2019-05-22,3,equar,0
30602,2019-05-22,1,dicot,312
30602,2019-05-22,1,monocot,0
30602,2019-05-22,1,cirar,0
30602,2019-05-22,1,equar,0
30602,2019-05-22,2,dicot,208
30602,2019-05-22,2,monocot,0
30602,2019-05-22,2,cirar,0
30602,2019-05-22,2,equar,0
30602,2019-05-22,3,dicot,208
30602,2019-05-22,3,monocot,0
30602,2019-05-22,3,cirar,0
30602,2019-05-22,3,equar,0
30603,2019-05-22,1,dicot,224
30603,2019-05-22,1,monocot,0
30603,2019-05-22,1,cirar,0
30603,2019-05-22,1,equar,0
30603,2019-05-22,2,dicot,152
30603,2019-05-22,2,monocot,0
30603,2019-05-22,2,cirar,0
30603,2019-05-22,2,equar,0
30603,2019-05-22,3,dicot,208
30603,2019-05-22,3,monocot,8
30603,2019-05-22,3,cirar,0
30603,2019-05-22,3,equar,0
30604,2019-05-22,1,dicot,256
30604,2019-05-22,1,monocot,0
30604,2019-05-22,1,cirar,0
30604,2019-05-22,1,equar,0
30604,2019-05-22,2,dicot,304
30604,2019-05-22,2,monocot,0
30604,2019-05-22,2,cirar,0
30604,2019-05-22,2,equar,0
30604,2019-05-22,3,dicot,320
30604,2019-05-22,3,monocot,12
30604,2019-05-22,3,cirar,0
30604,2019-05-22,3,equar,0
30605,2019-05-22,1,dicot,384
30605,2019-05-22,1,monocot,0
30605,2019-05-22,1,cirar,0
30605,2019-05-22,1,equar,0
30605,2019-05-22,2,dicot,480
30605,2019-05-22,2,monocot,0
30605,2019-05-22,2,cirar,0
30605,2019-05-22,2,equar,0
30605,2019-05-22,3,dicot,480
30605,2019-05-22,3,monocot,12
30605,2019-05-22,3,cirar,0
30605,2019-05-22,3,equar,0
30606,2019-05-22,1,dicot,480
30606,2019-05-22,1,monocot,0
30606,2019-05-22,1,cirar,0
30606,2019-05-22,1,equar,0
30606,2019-05-22,2,dicot,400
30606,2019-05-22,2,monocot,8
30606,2019-05-22,2,cirar,0
30606,2019-05-22,2,equar,0
30606,2019-05-22,3,dicot,352
30606,2019-05-22,3,monocot,12
30606,2019-05-22,3,cirar,0
30606,2019-05-22,3,equar,0
30802,2019-05-22,1,dicot,120
30802,2019-05-22,1,monocot,0
30802,2019-05-22,1,cirar,0
30802,2019-05-22,1,equar,0
30802,2019-05-22,2,dicot,32
30802,2019-05-22,2,monocot,12
30802,2019-05-22,2,cirar,0
30802,2019-05-22,2,equar,4
30802,2019-05-22,3,dicot,88
30802,2019-05-22,3,monocot,8
30802,2019-05-22,3,cirar,0
30802,2019-05-22,3,equar,0
30803,2019-05-22,1,dicot,28
30803,2019-05-22,1,monocot,4
30803,2019-05-22,1,cirar,0
30803,2019-05-22,1,equar,0
30803,2019-05-22,2,dicot,8
30803,2019-05-22,2,monocot,12
30803,2019-05-22,2,cirar,0
30803,2019-05-22,2,equar,0
30803,2019-05-22,3,dicot,36
30803,2019-05-22,3,monocot,8
30803,2019-05-22,3,cirar,0
30803,2019-05-22,3,equar,0
30804,2019-05-22,1,dicot,20
30804,2019-05-22,1,monocot,80
30804,2019-05-22,1,cirar,0
30804,2019-05-22,1,equar,0
30804,2019-05-22,2,dicot,44
30804,2019-05-22,2,monocot,28
30804,2019-05-22,2,cirar,0
30804,2019-05-22,2,equar,0
30804,2019-05-22,3,dicot,12
30804,2019-05-22,3,monocot,8
30804,2019-05-22,3,cirar,8
30804,2019-05-22,3,equar,0
30805,2019-05-22,1,dicot,24
30805,2019-05-22,1,monocot,32
30805,2019-05-22,1,cirar,0
30805,2019-05-22,1,equar,0
30805,2019-05-22,2,dicot,56
30805,2019-05-22,2,monocot,40
30805,2019-05-22,2,cirar,0
30805,2019-05-22,2,equar,0
30805,2019-05-22,3,dicot,48
30805,2019-05-22,3,monocot,16
30805,2019-05-22,3,cirar,0
30805,2019-05-22,3,equar,8
30806,2019-05-22,1,dicot,24
30806,2019-05-22,1,monocot,8
30806,2019-05-22,1,cirar,0
30806,2019-05-22,1,equar,0
30806,2019-05-22,2,dicot,36
30806,2019-05-22,2,monocot,200
30806,2019-05-22,2,cirar,0
30806,2019-05-22,2,equar,0
30806,2019-05-22,3,dicot,56
30806,2019-05-22,3,monocot,24
30806,2019-05-22,3,cirar,0
30806,2019-05-22,3,equar,0
31402,2019-05-22,1,dicot,200
31402,2019-05-22,1,monocot,0
31402,2019-05-22,1,cirar,64
31402,2019-05-22,1,equar,0
31402,2019-05-22,2,dicot,224
31402,2019-05-22,2,monocot,0
31402,2019-05-22,2,cirar,0
31402,2019-05-22,2,equar,0
31402,2019-05-22,3,dicot,232
31402,2019-05-22,3,monocot,0
31402,2019-05-22,3,cirar,0
31402,2019-05-22,3,equar,0
31403,2019-05-22,1,dicot,144
31403,2019-05-22,1,monocot,0
31403,2019-05-22,1,cirar,0
31403,2019-05-22,1,equar,0
31403,2019-05-22,2,dicot,168
31403,2019-05-22,2,monocot,0
31403,2019-05-22,2,cirar,0
31403,2019-05-22,2,equar,0
31403,2019-05-22,3,dicot,184
31403,2019-05-22,3,monocot,0
31403,2019-05-22,3,cirar,0
31403,2019-05-22,3,equar,0
31404,2019-05-22,1,dicot,128
31404,2019-05-22,1,monocot,8
31404,2019-05-22,1,cirar,0
31404,2019-05-22,1,equar,0
31404,2019-05-22,2,dicot,168
31404,2019-05-22,2,monocot,0
31404,2019-05-22,2,cirar,0
31404,2019-05-22,2,equar,0
31404,2019-05-22,3,dicot,208
31404,2019-05-22,3,monocot,12
31404,2019-05-22,3,cirar,0
31404,2019-05-22,3,equar,0
31405,2019-05-22,1,dicot,60
31405,2019-05-22,1,monocot,0
31405,2019-05-22,1,cirar,28
31405,2019-05-22,1,equar,0
31405,2019-05-22,2,dicot,48
31405,2019-05-22,2,monocot,0
31405,2019-05-22,2,cirar,0
31405,2019-05-22,2,equar,0
31405,2019-05-22,3,dicot,144
31405,2019-05-22,3,monocot,0
31405,2019-05-22,3,cirar,0
31405,2019-05-22,3,equar,0
31406,2019-05-22,1,dicot,132
31406,2019-05-22,1,monocot,8
31406,2019-05-22,1,cirar,0
31406,2019-05-22,1,equar,0
31406,2019-05-22,2,dicot,232
31406,2019-05-22,2,monocot,0
31406,2019-05-22,2,cirar,0
31406,2019-05-22,2,equar,0
31406,2019-05-22,3,dicot,160
31406,2019-05-22,3,monocot,0
31406,2019-05-22,3,cirar,0
31406,2019-05-22,3,equar,0
31502,2019-05-22,1,dicot,40
31502,2019-05-22,1,monocot,0
31502,2019-05-22,1,cirar,12
31502,2019-05-22,1,equar,0
31502,2019-05-22,2,dicot,0
31502,2019-05-22,2,monocot,0
31502,2019-05-22,2,cirar,44
31502,2019-05-22,2,equar,0
31502,2019-05-22,3,dicot,92
31502,2019-05-22,3,monocot,0
31502,2019-05-22,3,cirar,12
31502,2019-05-22,3,equar,0
31503,2019-05-22,1,dicot,24
31503,2019-05-22,1,monocot,0
31503,2019-05-22,1,cirar,0
31503,2019-05-22,1,equar,0
31503,2019-05-22,2,dicot,20
31503,2019-05-22,2,monocot,12
31503,2019-05-22,2,cirar,0
31503,2019-05-22,2,equar,0
31503,2019-05-22,3,dicot,8
31503,2019-05-22,3,monocot,0
31503,2019-05-22,3,cirar,0
31503,2019-05-22,3,equar,0
31504,2019-05-22,1,dicot,20
31504,2019-05-22,1,monocot,12
31504,2019-05-22,1,cirar,8
31504,2019-05-22,1,equar,0
31504,2019-05-22,2,dicot,28
31504,2019-05-22,2,monocot,8
31504,2019-05-22,2,cirar,0
31504,2019-05-22,2,equar,0
31504,2019-05-22,3,dicot,16
31504,2019-05-22,3,monocot,0
31504,2019-05-22,3,cirar,0
31504,2019-05-22,3,equar,0
31505,2019-05-22,1,dicot,52
31505,2019-05-22,1,monocot,20
31505,2019-05-22,1,cirar,0
31505,2019-05-22,1,equar,0
31505,2019-05-22,2,dicot,8
31505,2019-05-22,2,monocot,20
31505,2019-05-22,2,cirar,0
31505,2019-05-22,2,equar,0
31505,2019-05-22,3,dicot,16
31505,2019-05-22,3,monocot,24
31505,2019-05-22,3,cirar,0
31505,2019-05-22,3,equar,0
31506,2019-05-22,1,dicot,12
31506,2019-05-22,1,monocot,4
31506,2019-05-22,1,cirar,0
31506,2019-05-22,1,equar,0
31506,2019-05-22,2,dicot,20
31506,2019-05-22,2,monocot,0
31506,2019-05-22,2,cirar,0
31506,2019-05-22,2,equar,0
31506,2019-05-22,3,dicot,16
31506,2019-05-22,3,monocot,0
31506,2019-05-22,3,cirar,0
31506,2019-05-22,3,equar,0
31602,2019-05-22,1,dicot,272
31602,2019-05-22,1,monocot,0
31602,2019-05-22,1,cirar,0
31602,2019-05-22,1,equar,0
31602,2019-05-22,2,dicot,288
31602,2019-05-22,2,monocot,0
31602,2019-05-22,2,cirar,0
31602,2019-05-22,2,equar,0
31602,2019-05-22,3,dicot,308
31602,2019-05-22,3,monocot,0
31602,2019-05-22,3,cirar,0
31602,2019-05-22,3,equar,0
31603,2019-05-22,1,dicot,264
31603,2019-05-22,1,monocot,4
31603,2019-05-22,1,cirar,0
31603,2019-05-22,1,equar,0
31603,2019-05-22,2,dicot,376
31603,2019-05-22,2,monocot,20
31603,2019-05-22,2,cirar,0
31603,2019-05-22,2,equar,0
31603,2019-05-22,3,dicot,224
31603,2019-05-22,3,monocot,16
31603,2019-05-22,3,cirar,0
31603,2019-05-22,3,equar,0
31604,2019-05-22,1,dicot,248
31604,2019-05-22,1,monocot,0
31604,2019-05-22,1,cirar,0
31604,2019-05-22,1,equar,0
31604,2019-05-22,2,dicot,312
31604,2019-05-22,2,monocot,8
31604,2019-05-22,2,cirar,0
31604,2019-05-22,2,equar,0
31604,2019-05-22,3,dicot,272
31604,2019-05-22,3,monocot,12
31604,2019-05-22,3,cirar,0
31604,2019-05-22,3,equar,0
31605,2019-05-22,1,dicot,120
31605,2019-05-22,1,monocot,12
31605,2019-05-22,1,cirar,0
31605,2019-05-22,1,equar,0
31605,2019-05-22,2,dicot,152
31605,2019-05-22,2,monocot,4
31605,2019-05-22,2,cirar,0
31605,2019-05-22,2,equar,0
31605,2019-05-22,3,dicot,152
31605,2019-05-22,3,monocot,12
31605,2019-05-22,3,cirar,0
31605,2019-05-22,3,equar,0
31606,2019-05-22,1,dicot,144
31606,2019-05-22,1,monocot,0
31606,2019-05-22,1,cirar,0
31606,2019-05-22,1,equar,0
31606,2019-05-22,2,dicot,256
31606,2019-05-22,2,monocot,8
31606,2019-05-22,2,cirar,0
31606,2019-05-22,2,equar,0
31606,2019-05-22,3,dicot,200
31606,2019-05-22,3,monocot,8
31606,2019-05-22,3,cirar,0
31606,2019-05-22,3,equar,0
31801,2019-05-22,1,dicot,248
31801,2019-05-22,1,monocot,8
31801,2019-05-22,1,cirar,0
31801,2019-05-22,1,equar,0
31801,2019-05-22,2,dicot,260
31801,2019-05-22,2,monocot,12
31801,2019-05-22,2,cirar,0
31801,2019-05-22,2,equar,0
31801,2019-05-22,3,dicot,296
31801,2019-05-22,3,monocot,20
31801,2019-05-22,3,cirar,0
31801,2019-05-22,3,equar,0
31802,2019-05-22,1,dicot,332
31802,2019-05-22,1,monocot,0
31802,2019-05-22,1,cirar,0
31802,2019-05-22,1,equar,0
31802,2019-05-22,2,dicot,232
31802,2019-05-22,2,monocot,0
31802,2019-05-22,2,cirar,0
31802,2019-05-22,2,equar,0
31802,2019-05-22,3,dicot,328
31802,2019-05-22,3,monocot,0
31802,2019-05-22,3,cirar,0
31802,2019-05-22,3,equar,0
31803,2019-05-22,1,dicot,192
31803,2019-05-22,1,monocot,20
31803,2019-05-22,1,cirar,0
31803,2019-05-22,1,equar,0
31803,2019-05-22,2,dicot,212
31803,2019-05-22,2,monocot,8
31803,2019-05-22,2,cirar,0
31803,2019-05-22,2,equar,0
31803,2019-05-22,3,dicot,208
31803,2019-05-22,3,monocot,8
31803,2019-05-22,3,cirar,0
31803,2019-05-22,3,equar,0
31805,2019-05-22,1,dicot,224
31805,2019-05-22,1,monocot,40
31805,2019-05-22,1,cirar,0
31805,2019-05-22,1,equar,0
31805,2019-05-22,2,dicot,196
31805,2019-05-22,2,monocot,20
31805,2019-05-22,2,cirar,0
31805,2019-05-22,2,equar,0
31805,2019-05-22,3,dicot,252
31805,2019-05-22,3,monocot,24
31805,2019-05-22,3,cirar,0
31805,2019-05-22,3,equar,0
31806,2019-05-22,1,dicot,184
31806,2019-05-22,1,monocot,8
31806,2019-05-22,1,cirar,0
31806,2019-05-22,1,equar,0
31806,2019-05-22,2,dicot,244
31806,2019-05-22,2,monocot,8
31806,2019-05-22,2,cirar,0
31806,2019-05-22,2,equar,0
31806,2019-05-22,3,dicot,264
31806,2019-05-22,3,monocot,16
31806,2019-05-22,3,cirar,0
31806,2019-05-22,3,equar,0
31901,2019-05-22,1,dicot,132
31901,2019-05-22,1,monocot,8
31901,2019-05-22,1,cirar,0
31901,2019-05-22,1,equar,0
31901,2019-05-22,2,dicot,96
31901,2019-05-22,2,monocot,12
31901,2019-05-22,2,cirar,0
31901,2019-05-22,2,equar,0
31901,2019-05-22,3,dicot,152
31901,2019-05-22,3,monocot,24
31901,2019-05-22,3,cirar,0
31901,2019-05-22,3,equar,0
31902,2019-05-22,1,dicot,224
31902,2019-05-22,1,monocot,0
31902,2019-05-22,1,cirar,12
31902,2019-05-22,1,equar,0
31902,2019-05-22,2,dicot,248
31902,2019-05-22,2,monocot,0
31902,2019-05-22,2,cirar,16
31902,2019-05-22,2,equar,0
31902,2019-05-22,3,dicot,332
31902,2019-05-22,3,monocot,0
31902,2019-05-22,3,cirar,4
31902,2019-05-22,3,equar,0
31903,2019-05-22,1,dicot,100
31903,2019-05-22,1,monocot,16
31903,2019-05-22,1,cirar,0
31903,2019-05-22,1,equar,0
31903,2019-05-22,2,dicot,184
31903,2019-05-22,2,monocot,0
31903,2019-05-22,2,cirar,0
31903,2019-05-22,2,equar,0
31903,2019-05-22,3,dicot,248
31903,2019-05-22,3,monocot,8
31903,2019-05-22,3,cirar,0
31903,2019-05-22,3,equar,0
31905,2019-05-22,1,dicot,88
31905,2019-05-22,1,monocot,12
31905,2019-05-22,1,cirar,0
31905,2019-05-22,1,equar,0
31905,2019-05-22,2,dicot,136
31905,2019-05-22,2,monocot,12
31905,2019-05-22,2,cirar,0
31905,2019-05-22,2,equar,0
31905,2019-05-22,3,dicot,184
31905,2019-05-22,3,monocot,24
31905,2019-05-22,3,cirar,4
31905,2019-05-22,3,equar,0
31906,2019-05-22,1,dicot,220
31906,2019-05-22,1,monocot,12
31906,2019-05-22,1,cirar,12
31906,2019-05-22,1,equar,0
31906,2019-05-22,2,dicot,216
31906,2019-05-22,2,monocot,0
31906,2019-05-22,2,cirar,4
31906,2019-05-22,2,equar,0
31906,2019-05-22,3,dicot,128
31906,2019-05-22,3,monocot,20
31906,2019-05-22,3,cirar,0
31906,2019-05-22,3,equar,0
32001,2019-05-22,1,dicot,12
32001,2019-05-22,1,monocot,0
32001,2019-05-22,1,cirar,4
32001,2019-05-22,1,equar,0
32001,2019-05-22,2,dicot,24
32001,2019-05-22,2,monocot,8
32001,2019-05-22,2,cirar,0
32001,2019-05-22,2,equar,0
32001,2019-05-22,3,dicot,40
32001,2019-05-22,3,monocot,28
32001,2019-05-22,3,cirar,0
32001,2019-05-22,3,equar,0
32002,2019-05-22,1,dicot,192
32002,2019-05-22,1,monocot,0
32002,2019-05-22,1,cirar,0
32002,2019-05-22,1,equar,0
32002,2019-05-22,2,dicot,224
32002,2019-05-22,2,monocot,0
32002,2019-05-22,2,cirar,0
32002,2019-05-22,2,equar,0
32002,2019-05-22,3,dicot,192
32002,2019-05-22,3,monocot,0
32002,2019-05-22,3,cirar,48
32002,2019-05-22,3,equar,4
32003,2019-05-22,1,dicot,20
32003,2019-05-22,1,monocot,12
32003,2019-05-22,1,cirar,8
32003,2019-05-22,1,equar,0
32003,2019-05-22,2,dicot,28
32003,2019-05-22,2,monocot,8
32003,2019-05-22,2,cirar,0
32003,2019-05-22,2,equar,0
32003,2019-05-22,3,dicot,48
32003,2019-05-22,3,monocot,0
32003,2019-05-22,3,cirar,8
32003,2019-05-22,3,equar,0
32005,2019-05-22,1,dicot,24
32005,2019-05-22,1,monocot,8
32005,2019-05-22,1,cirar,4
32005,2019-05-22,1,equar,24
32005,2019-05-22,2,dicot,32
32005,2019-05-22,2,monocot,0
32005,2019-05-22,2,cirar,0
32005,2019-05-22,2,equar,20
32005,2019-05-22,3,dicot,64
32005,2019-05-22,3,monocot,0
32005,2019-05-22,3,cirar,0
32005,2019-05-22,3,equar,52
32006,2019-05-22,1,dicot,88
32006,2019-05-22,1,monocot,4
32006,2019-05-22,1,cirar,0
32006,2019-05-22,1,equar,0
32006,2019-05-22,2,dicot,152
32006,2019-05-22,2,monocot,0
32006,2019-05-22,2,cirar,0
32006,2019-05-22,2,equar,0
32006,2019-05-22,3,dicot,24
32006,2019-05-22,3,monocot,0
32006,2019-05-22,3,cirar,0
32006,2019-05-22,3,equar,0
32601,2019-05-22,1,dicot,8
32601,2019-05-22,1,monocot,12
32601,2019-05-22,1,cirar,0
32601,2019-05-22,1,equar,0
32601,2019-05-22,2,dicot,48
32601,2019-05-22,2,monocot,8
32601,2019-05-22,2,cirar,0
32601,2019-05-22,2,equar,0
32601,2019-05-22,3,dicot,16
32601,2019-05-22,3,monocot,12
32601,2019-05-22,3,cirar,0
32601,2019-05-22,3,equar,0
32602,2019-05-22,1,dicot,260
32602,2019-05-22,1,monocot,0
32602,2019-05-22,1,cirar,0
32602,2019-05-22,1,equar,0
32602,2019-05-22,2,dicot,128
32602,2019-05-22,2,monocot,0
32602,2019-05-22,2,cirar,36
32602,2019-05-22,2,equar,0
32602,2019-05-22,3,dicot,260
32602,2019-05-22,3,monocot,0
32602,2019-05-22,3,cirar,36
32602,2019-05-22,3,equar,0
32603,2019-05-22,1,dicot,16
32603,2019-05-22,1,monocot,20
32603,2019-05-22,1,cirar,0
32603,2019-05-22,1,equar,0
32603,2019-05-22,2,dicot,28
32603,2019-05-22,2,monocot,12
32603,2019-05-22,2,cirar,0
32603,2019-05-22,2,equar,0
32603,2019-05-22,3,dicot,56
32603,2019-05-22,3,monocot,4
32603,2019-05-22,3,cirar,0
32603,2019-05-22,3,equar,0
32605,2019-05-22,1,dicot,32
32605,2019-05-22,1,monocot,0
32605,2019-05-22,1,cirar,0
32605,2019-05-22,1,equar,0
32605,2019-05-22,2,dicot,56
32605,2019-05-22,2,monocot,0
32605,2019-05-22,2,cirar,0
32605,2019-05-22,2,equar,0
32605,2019-05-22,3,dicot,104
32605,2019-05-22,3,monocot,12
32605,2019-05-22,3,cirar,0
32605,2019-05-22,3,equar,0
32606,2019-05-22,1,dicot,64
32606,2019-05-22,1,monocot,16
32606,2019-05-22,1,cirar,0
32606,2019-05-22,1,equar,0
32606,2019-05-22,2,dicot,48
32606,2019-05-22,2,monocot,8
32606,2019-05-22,2,cirar,0
32606,2019-05-22,2,equar,0
32606,2019-05-22,3,dicot,40
32606,2019-05-22,3,monocot,0
32606,2019-05-22,3,cirar,0
32606,2019-05-22,3,equar,0
32701,2019-05-22,1,dicot,216
32701,2019-05-22,1,monocot,0
32701,2019-05-22,1,cirar,0
32701,2019-05-22,1,equar,0
32701,2019-05-22,2,dicot,184
32701,2019-05-22,2,monocot,0
32701,2019-05-22,2,cirar,0
32701,2019-05-22,2,equar,0
32701,2019-05-22,3,dicot,272
32701,2019-05-22,3,monocot,8
32701,2019-05-22,3,cirar,0
32701,2019-05-22,3,equar,0
32702,2019-05-22,1,dicot,368
32702,2019-05-22,1,monocot,0
32702,2019-05-22,1,cirar,0
32702,2019-05-22,1,equar,0
32702,2019-05-22,2,dicot,324
32702,2019-05-22,2,monocot,0
32702,2019-05-22,2,cirar,0
32702,2019-05-22,2,equar,0
32702,2019-05-22,3,dicot,296
32702,2019-05-22,3,monocot,0
32702,2019-05-22,3,cirar,0
32702,2019-05-22,3,equar,0
32703,2019-05-22,1,dicot,260
32703,2019-05-22,1,monocot,8
32703,2019-05-22,1,cirar,0
32703,2019-05-22,1,equar,0
32703,2019-05-22,2,dicot,232
32703,2019-05-22,2,monocot,8
32703,2019-05-22,2,cirar,0
32703,2019-05-22,2,equar,0
32703,2019-05-22,3,dicot,300
32703,2019-05-22,3,monocot,12
32703,2019-05-22,3,cirar,0
32703,2019-05-22,3,equar,0
32705,2019-05-22,1,dicot,248
32705,2019-05-22,1,monocot,12
32705,2019-05-22,1,cirar,0
32705,2019-05-22,1,equar,0
32705,2019-05-22,2,dicot,216
32705,2019-05-22,2,monocot,8
32705,2019-05-22,2,cirar,0
32705,2019-05-22,2,equar,0
32705,2019-05-22,3,dicot,152
32705,2019-05-22,3,monocot,16
32705,2019-05-22,3,cirar,0
32705,2019-05-22,3,equar,0
32706,2019-05-22,1,dicot,176
32706,2019-05-22,1,monocot,8
32706,2019-05-22,1,cirar,0
32706,2019-05-22,1,equar,0
32706,2019-05-22,2,dicot,136
32706,2019-05-22,2,monocot,12
32706,2019-05-22,2,cirar,0
32706,2019-05-22,2,equar,4
32706,2019-05-22,3,dicot,216
32706,2019-05-22,3,monocot,12
32706,2019-05-22,3,cirar,0
32706,2019-05-22,3,equar,8
32801,2019-05-22,1,dicot,520
32801,2019-05-22,1,monocot,0
32801,2019-05-22,1,cirar,0
32801,2019-05-22,1,equar,0
32801,2019-05-22,2,dicot,440
32801,2019-05-22,2,monocot,0
32801,2019-05-22,2,cirar,0
32801,2019-05-22,2,equar,0
32801,2019-05-22,3,dicot,360
32801,2019-05-22,3,monocot,0
32801,2019-05-22,3,cirar,0
32801,2019-05-22,3,equar,0
32802,2019-05-22,1,dicot,200
32802,2019-05-22,1,monocot,0
32802,2019-05-22,1,cirar,0
32802,2019-05-22,1,equar,0
32802,2019-05-22,2,dicot,180
32802,2019-05-22,2,monocot,0
32802,2019-05-22,2,cirar,0
32802,2019-05-22,2,equar,0
32802,2019-05-22,3,dicot,220
32802,2019-05-22,3,monocot,0
32802,2019-05-22,3,cirar,0
32802,2019-05-22,3,equar,0
32803,2019-05-22,1,dicot,280
32803,2019-05-22,1,monocot,12
32803,2019-05-22,1,cirar,0
32803,2019-05-22,1,equar,0
32803,2019-05-22,2,dicot,248
32803,2019-05-22,2,monocot,16
32803,2019-05-22,2,cirar,0
32803,2019-05-22,2,equar,0
32803,2019-05-22,3,dicot,440
32803,2019-05-22,3,monocot,20
32803,2019-05-22,3,cirar,0
32803,2019-05-22,3,equar,0
32805,2019-05-22,1,dicot,280
32805,2019-05-22,1,monocot,8
32805,2019-05-22,1,cirar,0
32805,2019-05-22,1,equar,0
32805,2019-05-22,2,dicot,440
32805,2019-05-22,2,monocot,8
32805,2019-05-22,2,cirar,0
32805,2019-05-22,2,equar,0
32805,2019-05-22,3,dicot,520
32805,2019-05-22,3,monocot,8
32805,2019-05-22,3,cirar,0
32805,2019-05-22,3,equar,0
32806,2019-05-22,1,dicot,340
32806,2019-05-22,1,monocot,8
32806,2019-05-22,1,cirar,0
32806,2019-05-22,1,equar,0
32806,2019-05-22,2,dicot,380
32806,2019-05-22,2,monocot,0
32806,2019-05-22,2,cirar,0
32806,2019-05-22,2,equar,0
32806,2019-05-22,3,dicot,312
32806,2019-05-22,3,monocot,0
32806,2019-05-22,3,cirar,0
32806,2019-05-22,3,equar,0
34101,2019-05-22,1,dicot,32
34101,2019-05-22,1,monocot,0
34101,2019-05-22,1,cirar,0
34101,2019-05-22,1,equar,4
34101,2019-05-22,2,dicot,88
34101,2019-05-22,2,monocot,0
34101,2019-05-22,2,cirar,0
34101,2019-05-22,2,equar,0
34101,2019-05-22,3,dicot,112
34101,2019-05-22,3,monocot,0
34101,2019-05-22,3,cirar,0
34101,2019-05-22,3,equar,0
34102,2019-05-22,1,dicot,184
34102,2019-05-22,1,monocot,0
34102,2019-05-22,1,cirar,0
34102,2019-05-22,1,equar,0
34102,2019-05-22,2,dicot,152
34102,2019-05-22,2,monocot,0
34102,2019-05-22,2,cirar,0
34102,2019-05-22,2,equar,0
34102,2019-05-22,3,dicot,136
34102,2019-05-22,3,monocot,0
34102,2019-05-22,3,cirar,0
34102,2019-05-22,3,equar,0
34103,2019-05-22,1,dicot,264
34103,2019-05-22,1,monocot,0
34103,2019-05-22,1,cirar,0
34103,2019-05-22,1,equar,0
34103,2019-05-22,2,dicot,240
34103,2019-05-22,2,monocot,0
34103,2019-05-22,2,cirar,0
34103,2019-05-22,2,equar,0
34103,2019-05-22,3,dicot,184
34103,2019-05-22,3,monocot,0
34103,2019-05-22,3,cirar,0
34103,2019-05-22,3,equar,0
34104,2019-05-22,1,dicot,248
34104,2019-05-22,1,monocot,0
34104,2019-05-22,1,cirar,0
34104,2019-05-22,1,equar,0
34104,2019-05-22,2,dicot,224
34104,2019-05-22,2,monocot,20
34104,2019-05-22,2,cirar,0
34104,2019-05-22,2,equar,0
34104,2019-05-22,3,dicot,300
34104,2019-05-22,3,monocot,0
34104,2019-05-22,3,cirar,0
34104,2019-05-22,3,equar,0
34105,2019-05-22,1,dicot,208
34105,2019-05-22,1,monocot,0
34105,2019-05-22,1,cirar,0
34105,2019-05-22,1,equar,0
34105,2019-05-22,2,dicot,288
34105,2019-05-22,2,monocot,16
34105,2019-05-22,2,cirar,0
34105,2019-05-22,2,equar,0
34105,2019-05-22,3,dicot,224
34105,2019-05-22,3,monocot,12
34105,2019-05-22,3,cirar,0
34105,2019-05-22,3,equar,0
34301,2019-05-22,1,dicot,20
34301,2019-05-22,1,monocot,16
34301,2019-05-22,1,cirar,0
34301,2019-05-22,1,equar,0
34301,2019-05-22,2,dicot,24
34301,2019-05-22,2,monocot,28
34301,2019-05-22,2,cirar,0
34301,2019-05-22,2,equar,0
34301,2019-05-22,3,dicot,60
34301,2019-05-22,3,monocot,12
34301,2019-05-22,3,cirar,0
34301,2019-05-22,3,equar,0
34302,2019-05-22,1,dicot,72
34302,2019-05-22,1,monocot,0
34302,2019-05-22,1,cirar,0
34302,2019-05-22,1,equar,0
34302,2019-05-22,2,dicot,148
34302,2019-05-22,2,monocot,0
34302,2019-05-22,2,cirar,0
34302,2019-05-22,2,equar,0
34302,2019-05-22,3,dicot,200
34302,2019-05-22,3,monocot,8
34302,2019-05-22,3,cirar,0
34302,2019-05-22,3,equar,0
34303,2019-05-22,1,dicot,80
34303,2019-05-22,1,monocot,28
34303,2019-05-22,1,cirar,0
34303,2019-05-22,1,equar,0
34303,2019-05-22,2,dicot,200
34303,2019-05-22,2,monocot,0
34303,2019-05-22,2,cirar,0
34303,2019-05-22,2,equar,0
34303,2019-05-22,3,dicot,8
34303,2019-05-22,3,monocot,24
34303,2019-05-22,3,cirar,4
34303,2019-05-22,3,equar,0
34304,2019-05-22,1,dicot,0
34304,2019-05-22,1,monocot,20
34304,2019-05-22,1,cirar,0
34304,2019-05-22,1,equar,0
34304,2019-05-22,2,dicot,0
34304,2019-05-22,2,monocot,4
34304,2019-05-22,2,cirar,0
34304,2019-05-22,2,equar,0
34304,2019-05-22,3,dicot,8
34304,2019-05-22,3,monocot,0
34304,2019-05-22,3,cirar,0
34304,2019-05-22,3,equar,0
34305,2019-05-22,1,dicot,12
34305,2019-05-22,1,monocot,0
34305,2019-05-22,1,cirar,0
34305,2019-05-22,1,equar,0
34305,2019-05-22,2,dicot,76
34305,2019-05-22,2,monocot,12
34305,2019-05-22,2,cirar,0
34305,2019-05-22,2,equar,0
34305,2019-05-22,3,dicot,80
34305,2019-05-22,3,monocot,12
34305,2019-05-22,3,cirar,0
34305,2019-05-22,3,equar,0
34401,2019-05-22,1,dicot,100
34401,2019-05-22,1,monocot,0
34401,2019-05-22,1,cirar,0
34401,2019-05-22,1,equar,0
34401,2019-05-22,2,dicot,88
34401,2019-05-22,2,monocot,24
34401,2019-05-22,2,cirar,0
34401,2019-05-22,2,equar,0
34401,2019-05-22,3,dicot,112
34401,2019-05-22,3,monocot,16
34401,2019-05-22,3,cirar,0
34401,2019-05-22,3,equar,0
34402,2019-05-22,1,dicot,208
34402,2019-05-22,1,monocot,0
34402,2019-05-22,1,cirar,16
34402,2019-05-22,1,equar,0
34402,2019-05-22,2,dicot,216
34402,2019-05-22,2,monocot,0
34402,2019-05-22,2,cirar,8
34402,2019-05-22,2,equar,0
34402,2019-05-22,3,dicot,128
34402,2019-05-22,3,monocot,0
34402,2019-05-22,3,cirar,4
34402,2019-05-22,3,equar,0
34403,2019-05-22,1,dicot,88
34403,2019-05-22,1,monocot,0
34403,2019-05-22,1,cirar,0
34403,2019-05-22,1,equar,0
34403,2019-05-22,2,dicot,120
34403,2019-05-22,2,monocot,0
34403,2019-05-22,2,cirar,0
34403,2019-05-22,2,equar,0
34403,2019-05-22,3,dicot,96
34403,2019-05-22,3,monocot,4
34403,2019-05-22,3,cirar,0
34403,2019-05-22,3,equar,0
34404,2019-05-22,1,dicot,104
34404,2019-05-22,1,monocot,0
34404,2019-05-22,1,cirar,0
34404,2019-05-22,1,equar,0
34404,2019-05-22,2,dicot,64
34404,2019-05-22,2,monocot,8
34404,2019-05-22,2,cirar,0
34404,2019-05-22,2,equar,0
34404,2019-05-22,3,dicot,120
34404,2019-05-22,3,monocot,4
34404,2019-05-22,3,cirar,0
34404,2019-05-22,3,equar,0
34405,2019-05-22,1,dicot,212
34405,2019-05-22,1,monocot,0
34405,2019-05-22,1,cirar,0
34405,2019-05-22,1,equar,0
34405,2019-05-22,2,dicot,136
34405,2019-05-22,2,monocot,20
34405,2019-05-22,2,cirar,0
34405,2019-05-22,2,equar,0
34405,2019-05-22,3,dicot,192
34405,2019-05-22,3,monocot,16
34405,2019-05-22,3,cirar,0
34405,2019-05-22,3,equar,0
34602,2019-05-22,1,dicot,144
34602,2019-05-22,1,monocot,8
34602,2019-05-22,1,cirar,0
34602,2019-05-22,1,equar,0
34602,2019-05-22,2,dicot,96
34602,2019-05-22,2,monocot,0
34602,2019-05-22,2,cirar,0
34602,2019-05-22,2,equar,0
34602,2019-05-22,3,dicot,112
34602,2019-05-22,3,monocot,8
34602,2019-05-22,3,cirar,0
34602,2019-05-22,3,equar,0
34603,2019-05-22,1,dicot,16
34603,2019-05-22,1,monocot,0
34603,2019-05-22,1,cirar,0
34603,2019-05-22,1,equar,0
34603,2019-05-22,2,dicot,8
34603,2019-05-22,2,monocot,0
34603,2019-05-22,2,cirar,0
34603,2019-05-22,2,equar,0
34603,2019-05-22,3,dicot,4
34603,2019-05-22,3,monocot,0
34603,2019-05-22,3,cirar,0
34603,2019-05-22,3,equar,0
34604,2019-05-22,1,dicot,32
34604,2019-05-22,1,monocot,16
34604,2019-05-22,1,cirar,0
34604,2019-05-22,1,equar,0
34604,2019-05-22,2,dicot,12
34604,2019-05-22,2,monocot,16
34604,2019-05-22,2,cirar,0
34604,2019-05-22,2,equar,4
34604,2019-05-22,3,dicot,24
34604,2019-05-22,3,monocot,4
34604,2019-05-22,3,cirar,0
34604,2019-05-22,3,equar,0
34605,2019-05-22,1,dicot,8
34605,2019-05-22,1,monocot,8
34605,2019-05-22,1,cirar,0
34605,2019-05-22,1,equar,0
34605,2019-05-22,2,dicot,0
34605,2019-05-22,2,monocot,8
34605,2019-05-22,2,cirar,0
34605,2019-05-22,2,equar,20
34605,2019-05-22,3,dicot,32
34605,2019-05-22,3,monocot,0
34605,2019-05-22,3,cirar,4
34605,2019-05-22,3,equar,0
34606,2019-05-22,1,dicot,24
34606,2019-05-22,1,monocot,12
34606,2019-05-22,1,cirar,0
34606,2019-05-22,1,equar,0
34606,2019-05-22,2,dicot,20
34606,2019-05-22,2,monocot,4
34606,2019-05-22,2,cirar,0
34606,2019-05-22,2,equar,0
34606,2019-05-22,3,dicot,24
34606,2019-05-22,3,monocot,0
34606,2019-05-22,3,cirar,0
34606,2019-05-22,3,equar,0
34702,2019-05-22,1,dicot,208
34702,2019-05-22,1,monocot,0
34702,2019-05-22,1,cirar,0
34702,2019-05-22,1,equar,0
34702,2019-05-22,2,dicot,360
34702,2019-05-22,2,monocot,0
34702,2019-05-22,2,cirar,28
34702,2019-05-22,2,equar,0
34702,2019-05-22,3,dicot,280
34702,2019-05-22,3,monocot,0
34702,2019-05-22,3,cirar,0
34702,2019-05-22,3,equar,0
34703,2019-05-22,1,dicot,168
34703,2019-05-22,1,monocot,0
34703,2019-05-22,1,cirar,0
34703,2019-05-22,1,equar,0
34703,2019-05-22,2,dicot,136
34703,2019-05-22,2,monocot,8
34703,2019-05-22,2,cirar,28
34703,2019-05-22,2,equar,0
34703,2019-05-22,3,dicot,160
34703,2019-05-22,3,monocot,20
34703,2019-05-22,3,cirar,0
34703,2019-05-22,3,equar,0
34704,2019-05-22,1,dicot,168
34704,2019-05-22,1,monocot,8
34704,2019-05-22,1,cirar,0
34704,2019-05-22,1,equar,0
34704,2019-05-22,2,dicot,128
34704,2019-05-22,2,monocot,4
34704,2019-05-22,2,cirar,0
34704,2019-05-22,2,equar,0
34704,2019-05-22,3,dicot,112
34704,2019-05-22,3,monocot,8
34704,2019-05-22,3,cirar,0
34704,2019-05-22,3,equar,0
34705,2019-05-22,1,dicot,88
34705,2019-05-22,1,monocot,0
34705,2019-05-22,1,cirar,0
34705,2019-05-22,1,equar,0
34705,2019-05-22,2,dicot,72
34705,2019-05-22,2,monocot,8
34705,2019-05-22,2,cirar,0
34705,2019-05-22,2,equar,0
34705,2019-05-22,3,dicot,56
34705,2019-05-22,3,monocot,8
34705,2019-05-22,3,cirar,0
34705,2019-05-22,3,equar,0
34706,2019-05-22,1,dicot,128
34706,2019-05-22,1,monocot,0
34706,2019-05-22,1,cirar,0
34706,2019-05-22,1,equar,0
34706,2019-05-22,2,dicot,104
34706,2019-05-22,2,monocot,0
34706,2019-05-22,2,cirar,0
34706,2019-05-22,2,equar,0
34706,2019-05-22,3,dicot,164
34706,2019-05-22,3,monocot,0
34706,2019-05-22,3,cirar,0
34706,2019-05-22,3,equar,0
34802,2019-05-22,1,dicot,520
34802,2019-05-22,1,monocot,0
34802,2019-05-22,1,cirar,0
34802,2019-05-22,1,equar,0
34802,2019-05-22,2,dicot,280
34802,2019-05-22,2,monocot,0
34802,2019-05-22,2,cirar,0
34802,2019-05-22,2,equar,0
34802,2019-05-22,3,dicot,200
34802,2019-05-22,3,monocot,0
34802,2019-05-22,3,cirar,0
34802,2019-05-22,3,equar,0
34803,2019-05-22,1,dicot,400
34803,2019-05-22,1,monocot,0
34803,2019-05-22,1,cirar,0
34803,2019-05-22,1,equar,0
34803,2019-05-22,2,dicot,360
34803,2019-05-22,2,monocot,0
34803,2019-05-22,2,cirar,0
34803,2019-05-22,2,equar,0
34803,2019-05-22,3,dicot,260
34803,2019-05-22,3,monocot,0
34803,2019-05-22,3,cirar,0
34803,2019-05-22,3,equar,0
34804,2019-05-22,1,dicot,208
34804,2019-05-22,1,monocot,0
34804,2019-05-22,1,cirar,0
34804,2019-05-22,1,equar,0
34804,2019-05-22,2,dicot,400
34804,2019-05-22,2,monocot,0
34804,2019-05-22,2,cirar,0
34804,2019-05-22,2,equar,0
34804,2019-05-22,3,dicot,360
34804,2019-05-22,3,monocot,0
34804,2019-05-22,3,cirar,0
34804,2019-05-22,3,equar,0
34805,2019-05-22,1,dicot,400
34805,2019-05-22,1,monocot,0
34805,2019-05-22,1,cirar,0
34805,2019-05-22,1,equar,0
34805,2019-05-22,2,dicot,280
34805,2019-05-22,2,monocot,0
34805,2019-05-22,2,cirar,0
34805,2019-05-22,2,equar,0
34805,2019-05-22,3,dicot,280
34805,2019-05-22,3,monocot,0
34805,2019-05-22,3,cirar,0
34805,2019-05-22,3,equar,0
34806,2019-05-22,1,dicot,240
34806,2019-05-22,1,monocot,0
34806,2019-05-22,1,cirar,0
34806,2019-05-22,1,equar,0
34806,2019-05-22,2,dicot,120
34806,2019-05-22,2,monocot,8
34806,2019-05-22,2,cirar,0
34806,2019-05-22,2,equar,0
34806,2019-05-22,3,dicot,136
34806,2019-05-22,3,monocot,4
34806,2019-05-22,3,cirar,0
34806,2019-05-22,3,equar,0
34901,2019-05-22,1,dicot,16
34901,2019-05-22,1,monocot,40
34901,2019-05-22,1,cirar,0
34901,2019-05-22,1,equar,56
34901,2019-05-22,2,dicot,32
34901,2019-05-22,2,monocot,12
34901,2019-05-22,2,cirar,0
34901,2019-05-22,2,equar,0
34901,2019-05-22,3,dicot,28
34901,2019-05-22,3,monocot,60
34901,2019-05-22,3,cirar,0
34901,2019-05-22,3,equar,0
34902,2019-05-22,1,dicot,192
34902,2019-05-22,1,monocot,8
34902,2019-05-22,1,cirar,0
34902,2019-05-22,1,equar,0
34902,2019-05-22,2,dicot,184
34902,2019-05-22,2,monocot,8
34902,2019-05-22,2,cirar,0
34902,2019-05-22,2,equar,0
34902,2019-05-22,3,dicot,180
34902,2019-05-22,3,monocot,0
34902,2019-05-22,3,cirar,12
34902,2019-05-22,3,equar,0
34903,2019-05-22,1,dicot,0
34903,2019-05-22,1,monocot,12
34903,2019-05-22,1,cirar,4
34903,2019-05-22,1,equar,0
34903,2019-05-22,2,dicot,12
34903,2019-05-22,2,monocot,4
34903,2019-05-22,2,cirar,8
34903,2019-05-22,2,equar,0
34903,2019-05-22,3,dicot,28
34903,2019-05-22,3,monocot,24
34903,2019-05-22,3,cirar,20
34903,2019-05-22,3,equar,0
34905,2019-05-22,1,dicot,24
34905,2019-05-22,1,monocot,0
34905,2019-05-22,1,cirar,0
34905,2019-05-22,1,equar,0
34905,2019-05-22,2,dicot,48
34905,2019-05-22,2,monocot,16
34905,2019-05-22,2,cirar,0
34905,2019-05-22,2,equar,0
34905,2019-05-22,3,dicot,24
34905,2019-05-22,3,monocot,8
34905,2019-05-22,3,cirar,0
34905,2019-05-22,3,equar,0
34906,2019-05-22,1,dicot,20
34906,2019-05-22,1,monocot,8
34906,2019-05-22,1,cirar,0
34906,2019-05-22,1,equar,0
34906,2019-05-22,2,dicot,8
34906,2019-05-22,2,monocot,44
34906,2019-05-22,2,cirar,0
34906,2019-05-22,2,equar,0
34906,2019-05-22,3,dicot,8
34906,2019-05-22,3,monocot,0
34906,2019-05-22,3,cirar,0
34906,2019-05-22,3,equar,0
35101,2019-05-22,1,dicot,360
35101,2019-05-22,1,monocot,0
35101,2019-05-22,1,cirar,0
35101,2019-05-22,1,equar,0
35101,2019-05-22,2,dicot,280
35101,2019-05-22,2,monocot,0
35101,2019-05-22,2,cirar,0
35101,2019-05-22,2,equar,0
35101,2019-05-22,3,dicot,200
35101,2019-05-22,3,monocot,0
35101,2019-05-22,3,cirar,0
35101,2019-05-22,3,equar,0
35102,2019-05-22,1,dicot,180
35102,2019-05-22,1,monocot,0
35102,2019-05-22,1,cirar,0
35102,2019-05-22,1,equar,0
35102,2019-05-22,2,dicot,240
35102,2019-05-22,2,monocot,0
35102,2019-05-22,2,cirar,0
35102,2019-05-22,2,equar,0
35102,2019-05-22,3,dicot,200
35102,2019-05-22,3,monocot,0
35102,2019-05-22,3,cirar,0
35102,2019-05-22,3,equar,0
35103,2019-05-22,1,dicot,400
35103,2019-05-22,1,monocot,0
35103,2019-05-22,1,cirar,0
35103,2019-05-22,1,equar,0
35103,2019-05-22,2,dicot,320
35103,2019-05-22,2,monocot,0
35103,2019-05-22,2,cirar,0
35103,2019-05-22,2,equar,0
35103,2019-05-22,3,dicot,200
35103,2019-05-22,3,monocot,0
35103,2019-05-22,3,cirar,0
35103,2019-05-22,3,equar,0
35105,2019-05-22,1,dicot,300
35105,2019-05-22,1,monocot,0
35105,2019-05-22,1,cirar,0
35105,2019-05-22,1,equar,0
35105,2019-05-22,2,dicot,380
35105,2019-05-22,2,monocot,0
35105,2019-05-22,2,cirar,0
35105,2019-05-22,2,equar,0
35105,2019-05-22,3,dicot,340
35105,2019-05-22,3,monocot,0
35105,2019-05-22,3,cirar,0
35105,2019-05-22,3,equar,0
35106,2019-05-22,1,dicot,480
35106,2019-05-22,1,monocot,0
35106,2019-05-22,1,cirar,0
35106,2019-05-22,1,equar,0
35106,2019-05-22,2,dicot,520
35106,2019-05-22,2,monocot,0
35106,2019-05-22,2,cirar,0
35106,2019-05-22,2,equar,0
35106,2019-05-22,3,dicot,600
35106,2019-05-22,3,monocot,0
35106,2019-05-22,3,cirar,0
35106,2019-05-22,3,equar,0
35201,2019-05-22,1,dicot,140
35201,2019-05-22,1,monocot,0
35201,2019-05-22,1,cirar,12
35201,2019-05-22,1,equar,0
35201,2019-05-22,2,dicot,260
35201,2019-05-22,2,monocot,0
35201,2019-05-22,2,cirar,0
35201,2019-05-22,2,equar,0
35201,2019-05-22,3,dicot,140
35201,2019-05-22,3,monocot,0
35201,2019-05-22,3,cirar,0
35201,2019-05-22,3,equar,0
35202,2019-05-22,1,dicot,160
35202,2019-05-22,1,monocot,0
35202,2019-05-22,1,cirar,0
35202,2019-05-22,1,equar,0
35202,2019-05-22,2,dicot,160
35202,2019-05-22,2,monocot,0
35202,2019-05-22,2,cirar,0
35202,2019-05-22,2,equar,0
35202,2019-05-22,3,dicot,140
35202,2019-05-22,3,monocot,0
35202,2019-05-22,3,cirar,0
35202,2019-05-22,3,equar,0
35203,2019-05-22,1,dicot,152
35203,2019-05-22,1,monocot,0
35203,2019-05-22,1,cirar,0
35203,2019-05-22,1,equar,0
35203,2019-05-22,2,dicot,112
35203,2019-05-22,2,monocot,8
35203,2019-05-22,2,cirar,0
35203,2019-05-22,2,equar,0
35203,2019-05-22,3,dicot,224
35203,2019-05-22,3,monocot,0
35203,2019-05-22,3,cirar,0
35203,2019-05-22,3,equar,0
35205,2019-05-22,1,dicot,128
35205,2019-05-22,1,monocot,8
35205,2019-05-22,1,cirar,0
35205,2019-05-22,1,equar,0
35205,2019-05-22,2,dicot,128
35205,2019-05-22,2,monocot,12
35205,2019-05-22,2,cirar,0
35205,2019-05-22,2,equar,0
35205,2019-05-22,3,dicot,220
35205,2019-05-22,3,monocot,8
35205,2019-05-22,3,cirar,0
35205,2019-05-22,3,equar,0
35206,2019-05-22,1,dicot,168
35206,2019-05-22,1,monocot,0
35206,2019-05-22,1,cirar,0
35206,2019-05-22,1,equar,0
35206,2019-05-22,2,dicot,96
35206,2019-05-22,2,monocot,0
35206,2019-05-22,2,cirar,0
35206,2019-05-22,2,equar,12
35206,2019-05-22,3,dicot,160
35206,2019-05-22,3,monocot,0
35206,2019-05-22,3,cirar,0
35206,2019-05-22,3,equar,24
35301,2019-05-22,1,dicot,8
35301,2019-05-22,1,monocot,16
35301,2019-05-22,1,cirar,0
35301,2019-05-22,1,equar,20
35301,2019-05-22,2,dicot,8
35301,2019-05-22,2,monocot,0
35301,2019-05-22,2,cirar,0
35301,2019-05-22,2,equar,16
35301,2019-05-22,3,dicot,8
35301,2019-05-22,3,monocot,0
35301,2019-05-22,3,cirar,0
35301,2019-05-22,3,equar,4
35302,2019-05-22,1,dicot,64
35302,2019-05-22,1,monocot,0
35302,2019-05-22,1,cirar,4
35302,2019-05-22,1,equar,0
35302,2019-05-22,2,dicot,32
35302,2019-05-22,2,monocot,0
35302,2019-05-22,2,cirar,40
35302,2019-05-22,2,equar,4
35302,2019-05-22,3,dicot,120
35302,2019-05-22,3,monocot,0
35302,2019-05-22,3,cirar,48
35302,2019-05-22,3,equar,0
35304,2019-05-22,1,dicot,8
35304,2019-05-22,1,monocot,4
35304,2019-05-22,1,cirar,0
35304,2019-05-22,1,equar,0
35304,2019-05-22,2,dicot,4
35304,2019-05-22,2,monocot,0
35304,2019-05-22,2,cirar,0
35304,2019-05-22,2,equar,0
35304,2019-05-22,3,dicot,28
35304,2019-05-22,3,monocot,0
35304,2019-05-22,3,cirar,0
35304,2019-05-22,3,equar,0
35305,2019-05-22,1,dicot,8
35305,2019-05-22,1,monocot,0
35305,2019-05-22,1,cirar,0
35305,2019-05-22,1,equar,0
35305,2019-05-22,2,dicot,20
35305,2019-05-22,2,monocot,24
35305,2019-05-22,2,cirar,0
35305,2019-05-22,2,equar,0
35305,2019-05-22,3,dicot,8
35305,2019-05-22,3,monocot,4
35305,2019-05-22,3,cirar,0
35305,2019-05-22,3,equar,24
35306,2019-05-22,1,dicot,0
35306,2019-05-22,1,monocot,16
35306,2019-05-22,1,cirar,0
35306,2019-05-22,1,equar,8
35306,2019-05-22,2,dicot,12
35306,2019-05-22,2,monocot,0
35306,2019-05-22,2,cirar,0
35306,2019-05-22,2,equar,20
35306,2019-05-22,3,dicot,8
35306,2019-05-22,3,monocot,8
35306,2019-05-22,3,cirar,0
35306,2019-05-22,3,equar,8
35401,2019-05-22,1,dicot,168
35401,2019-05-22,1,monocot,0
35401,2019-05-22,1,cirar,0
35401,2019-05-22,1,equar,0
35401,2019-05-22,2,dicot,208
35401,2019-05-22,2,monocot,8
35401,2019-05-22,2,cirar,0
35401,2019-05-22,2,equar,0
35401,2019-05-22,3,dicot,176
35401,2019-05-22,3,monocot,12
35401,2019-05-22,3,cirar,0
35401,2019-05-22,3,equar,0
35402,2019-05-22,1,dicot,144
35402,2019-05-22,1,monocot,0
35402,2019-05-22,1,cirar,0
35402,2019-05-22,1,equar,0
35402,2019-05-22,2,dicot,128
35402,2019-05-22,2,monocot,0
35402,2019-05-22,2,cirar,0
35402,2019-05-22,2,equar,0
35402,2019-05-22,3,dicot,192
35402,2019-05-22,3,monocot,20
35402,2019-05-22,3,cirar,0
35402,2019-05-22,3,equar,0
35404,2019-05-22,1,dicot,240
35404,2019-05-22,1,monocot,0
35404,2019-05-22,1,cirar,0
35404,2019-05-22,1,equar,0
35404,2019-05-22,2,dicot,340
35404,2019-05-22,2,monocot,0
35404,2019-05-22,2,cirar,0
35404,2019-05-22,2,equar,0
35404,2019-05-22,3,dicot,300
35404,2019-05-22,3,monocot,8
35404,2019-05-22,3,cirar,0
35404,2019-05-22,3,equar,0
35405,2019-05-22,1,dicot,260
35405,2019-05-22,1,monocot,8
35405,2019-05-22,1,cirar,0
35405,2019-05-22,1,equar,0
35405,2019-05-22,2,dicot,200
35405,2019-05-22,2,monocot,0
35405,2019-05-22,2,cirar,0
35405,2019-05-22,2,equar,0
35405,2019-05-22,3,dicot,160
35405,2019-05-22,3,monocot,20
35405,2019-05-22,3,cirar,0
35405,2019-05-22,3,equar,0
35406,2019-05-22,1,dicot,96
35406,2019-05-22,1,monocot,24
35406,2019-05-22,1,cirar,0
35406,2019-05-22,1,equar,4
35406,2019-05-22,2,dicot,144
35406,2019-05-22,2,monocot,12
35406,2019-05-22,2,cirar,0
35406,2019-05-22,2,equar,0
35406,2019-05-22,3,dicot,224
35406,2019-05-22,3,monocot,8
35406,2019-05-22,3,cirar,0
35406,2019-05-22,3,equar,0
35501,2019-05-22,1,dicot,88
35501,2019-05-22,1,monocot,12
35501,2019-05-22,1,cirar,0
35501,2019-05-22,1,equar,0
35501,2019-05-22,2,dicot,48
35501,2019-05-22,2,monocot,8
35501,2019-05-22,2,cirar,0
35501,2019-05-22,2,equar,0
35501,2019-05-22,3,dicot,72
35501,2019-05-22,3,monocot,8
35501,2019-05-22,3,cirar,0
35501,2019-05-22,3,equar,0
35502,2019-05-22,1,dicot,208
35502,2019-05-22,1,monocot,0
35502,2019-05-22,1,cirar,0
35502,2019-05-22,1,equar,0
35502,2019-05-22,2,dicot,192
35502,2019-05-22,2,monocot,0
35502,2019-05-22,2,cirar,0
35502,2019-05-22,2,equar,0
35502,2019-05-22,3,dicot,136
35502,2019-05-22,3,monocot,0
35502,2019-05-22,3,cirar,8
35502,2019-05-22,3,equar,0
35504,2019-05-22,1,dicot,72
35504,2019-05-22,1,monocot,0
35504,2019-05-22,1,cirar,0
35504,2019-05-22,1,equar,0
35504,2019-05-22,2,dicot,144
35504,2019-05-22,2,monocot,12
35504,2019-05-22,2,cirar,0
35504,2019-05-22,2,equar,0
35504,2019-05-22,3,dicot,112
35504,2019-05-22,3,monocot,8
35504,2019-05-22,3,cirar,0
35504,2019-05-22,3,equar,0
35505,2019-05-22,1,dicot,104
35505,2019-05-22,1,monocot,0
35505,2019-05-22,1,cirar,0
35505,2019-05-22,1,equar,0
35505,2019-05-22,2,dicot,40
35505,2019-05-22,2,monocot,8
35505,2019-05-22,2,cirar,0
35505,2019-05-22,2,equar,0
35505,2019-05-22,3,dicot,84
35505,2019-05-22,3,monocot,0
35505,2019-05-22,3,cirar,0
35505,2019-05-22,3,equar,0
35506,2019-05-22,1,dicot,96
35506,2019-05-22,1,monocot,0
35506,2019-05-22,1,cirar,0
35506,2019-05-22,1,equar,0
35506,2019-05-22,2,dicot,64
35506,2019-05-22,2,monocot,8
35506,2019-05-22,2,cirar,0
35506,2019-05-22,2,equar,0
35506,2019-05-22,3,dicot,56
35506,2019-05-22,3,monocot,8
35506,2019-05-22,3,cirar,0
35506,2019-05-22,3,equar,0
30502,2020-05-27,1,dicot,60
30502,2020-05-27,1,monocot,60
30502,2020-05-27,1,cirar,0
30502,2020-05-27,1,equar,0
30502,2020-05-27,2,dicot,48
30502,2020-05-27,2,monocot,28
30502,2020-05-27,2,cirar,0
30502,2020-05-27,2,equar,0
30502,2020-05-27,3,dicot,64
30502,2020-05-27,3,monocot,48
30502,2020-05-27,3,cirar,0
30502,2020-05-27,3,equar,0
30503,2020-05-27,1,dicot,28
30503,2020-05-27,1,monocot,44
30503,2020-05-27,1,cirar,0
30503,2020-05-27,1,equar,0
30503,2020-05-27,2,dicot,32
30503,2020-05-27,2,monocot,64
30503,2020-05-27,2,cirar,0
30503,2020-05-27,2,equar,0
30503,2020-05-27,3,dicot,36
30503,2020-05-27,3,monocot,28
30503,2020-05-27,3,cirar,0
30503,2020-05-27,3,equar,0
30504,2020-05-27,1,dicot,56
30504,2020-05-27,1,monocot,36
30504,2020-05-27,1,cirar,0
30504,2020-05-27,1,equar,0
30504,2020-05-27,2,dicot,24
30504,2020-05-27,2,monocot,32
30504,2020-05-27,2,cirar,0
30504,2020-05-27,2,equar,0
30504,2020-05-27,3,dicot,44
30504,2020-05-27,3,monocot,32
30504,2020-05-27,3,cirar,0
30504,2020-05-27,3,equar,0
30505,2020-05-27,1,dicot,52
30505,2020-05-27,1,monocot,32
30505,2020-05-27,1,cirar,0
30505,2020-05-27,1,equar,0
30505,2020-05-27,2,dicot,60
30505,2020-05-27,2,monocot,8
30505,2020-05-27,2,cirar,0
30505,2020-05-27,2,equar,0
30505,2020-05-27,3,dicot,68
30505,2020-05-27,3,monocot,32
30505,2020-05-27,3,cirar,0
30505,2020-05-27,3,equar,0
30506,2020-05-27,1,dicot,92
30506,2020-05-27,1,monocot,56
30506,2020-05-27,1,cirar,0
30506,2020-05-27,1,equar,0
30506,2020-05-27,2,dicot,60
30506,2020-05-27,2,monocot,76
30506,2020-05-27,2,cirar,0
30506,2020-05-27,2,equar,0
30506,2020-05-27,3,dicot,56
30506,2020-05-27,3,monocot,12
30506,2020-05-27,3,cirar,0
30506,2020-05-27,3,equar,0
30602,2020-05-27,1,dicot,108
30602,2020-05-27,1,monocot,0
30602,2020-05-27,1,cirar,0
30602,2020-05-27,1,equar,0
30602,2020-05-27,2,dicot,120
30602,2020-05-27,2,monocot,0
30602,2020-05-27,2,cirar,0
30602,2020-05-27,2,equar,0
30602,2020-05-27,3,dicot,80
30602,2020-05-27,3,monocot,0
30602,2020-05-27,3,cirar,0
30602,2020-05-27,3,equar,0
30603,2020-05-27,1,dicot,56
30603,2020-05-27,1,monocot,0
30603,2020-05-27,1,cirar,0
30603,2020-05-27,1,equar,0
30603,2020-05-27,2,dicot,64
30603,2020-05-27,2,monocot,0
30603,2020-05-27,2,cirar,0
30603,2020-05-27,2,equar,0
30603,2020-05-27,3,dicot,68
30603,2020-05-27,3,monocot,0
30603,2020-05-27,3,cirar,0
30603,2020-05-27,3,equar,0
30604,2020-05-27,1,dicot,72
30604,2020-05-27,1,monocot,0
30604,2020-05-27,1,cirar,0
30604,2020-05-27,1,equar,0
30604,2020-05-27,2,dicot,84
30604,2020-05-27,2,monocot,0
30604,2020-05-27,2,cirar,0
30604,2020-05-27,2,equar,0
30604,2020-05-27,3,dicot,60
30604,2020-05-27,3,monocot,0
30604,2020-05-27,3,cirar,0
30604,2020-05-27,3,equar,0
30605,2020-05-27,1,dicot,100
30605,2020-05-27,1,monocot,0
30605,2020-05-27,1,cirar,0
30605,2020-05-27,1,equar,0
30605,2020-05-27,2,dicot,120
30605,2020-05-27,2,monocot,0
30605,2020-05-27,2,cirar,0
30605,2020-05-27,2,equar,0
30605,2020-05-27,3,dicot,100
30605,2020-05-27,3,monocot,0
30605,2020-05-27,3,cirar,0
30605,2020-05-27,3,equar,0
30606,2020-05-27,1,dicot,112
30606,2020-05-27,1,monocot,0
30606,2020-05-27,1,cirar,0
30606,2020-05-27,1,equar,0
30606,2020-05-27,2,dicot,100
30606,2020-05-27,2,monocot,0
30606,2020-05-27,2,cirar,0
30606,2020-05-27,2,equar,0
30606,2020-05-27,3,dicot,100
30606,2020-05-27,3,monocot,0
30606,2020-05-27,3,cirar,0
30606,2020-05-27,3,equar,0
30802,2020-05-27,1,dicot,20
30802,2020-05-27,1,monocot,56
30802,2020-05-27,1,cirar,0
30802,2020-05-27,1,equar,0
30802,2020-05-27,2,dicot,36
30802,2020-05-27,2,monocot,20
30802,2020-05-27,2,cirar,4
30802,2020-05-27,2,equar,0
30802,2020-05-27,3,dicot,16
30802,2020-05-27,3,monocot,16
30802,2020-05-27,3,cirar,4
30802,2020-05-27,3,equar,0
30803,2020-05-27,1,dicot,12
30803,2020-05-27,1,monocot,32
30803,2020-05-27,1,cirar,0
30803,2020-05-27,1,equar,0
30803,2020-05-27,2,dicot,24
30803,2020-05-27,2,monocot,16
30803,2020-05-27,2,cirar,0
30803,2020-05-27,2,equar,0
30803,2020-05-27,3,dicot,32
30803,2020-05-27,3,monocot,16
30803,2020-05-27,3,cirar,0
30803,2020-05-27,3,equar,0
30804,2020-05-27,1,dicot,16
30804,2020-05-27,1,monocot,28
30804,2020-05-27,1,cirar,16
30804,2020-05-27,1,equar,0
30804,2020-05-27,2,dicot,16
30804,2020-05-27,2,monocot,24
30804,2020-05-27,2,cirar,12
30804,2020-05-27,2,equar,0
30804,2020-05-27,3,dicot,16
30804,2020-05-27,3,monocot,44
30804,2020-05-27,3,cirar,0
30804,2020-05-27,3,equar,0
30805,2020-05-27,1,dicot,12
30805,2020-05-27,1,monocot,4
30805,2020-05-27,1,cirar,0
30805,2020-05-27,1,equar,0
30805,2020-05-27,2,dicot,48
30805,2020-05-27,2,monocot,8
30805,2020-05-27,2,cirar,0
30805,2020-05-27,2,equar,0
30805,2020-05-27,3,dicot,52
30805,2020-05-27,3,monocot,8
30805,2020-05-27,3,cirar,4
30805,2020-05-27,3,equar,0
30806,2020-05-27,1,dicot,24
30806,2020-05-27,1,monocot,20
30806,2020-05-27,1,cirar,0
30806,2020-05-27,1,equar,0
30806,2020-05-27,2,dicot,8
30806,2020-05-27,2,monocot,96
30806,2020-05-27,2,cirar,0
30806,2020-05-27,2,equar,0
30806,2020-05-27,3,dicot,8
30806,2020-05-27,3,monocot,40
30806,2020-05-27,3,cirar,0
30806,2020-05-27,3,equar,0
31402,2020-05-27,1,dicot,20
31402,2020-05-27,1,monocot,12
31402,2020-05-27,1,cirar,24
31402,2020-05-27,1,equar,0
31402,2020-05-27,2,dicot,40
31402,2020-05-27,2,monocot,48
31402,2020-05-27,2,cirar,0
31402,2020-05-27,2,equar,0
31402,2020-05-27,3,dicot,52
31402,2020-05-27,3,monocot,24
31402,2020-05-27,3,cirar,0
31402,2020-05-27,3,equar,0
31403,2020-05-27,1,dicot,32
31403,2020-05-27,1,monocot,24
31403,2020-05-27,1,cirar,0
31403,2020-05-27,1,equar,0
31403,2020-05-27,2,dicot,36
31403,2020-05-27,2,monocot,32
31403,2020-05-27,2,cirar,0
31403,2020-05-27,2,equar,0
31403,2020-05-27,3,dicot,16
31403,2020-05-27,3,monocot,56
31403,2020-05-27,3,cirar,0
31403,2020-05-27,3,equar,0
31404,2020-05-27,1,dicot,28
31404,2020-05-27,1,monocot,36
31404,2020-05-27,1,cirar,0
31404,2020-05-27,1,equar,0
31404,2020-05-27,2,dicot,28
31404,2020-05-27,2,monocot,24
31404,2020-05-27,2,cirar,0
31404,2020-05-27,2,equar,0
31404,2020-05-27,3,dicot,44
31404,2020-05-27,3,monocot,40
31404,2020-05-27,3,cirar,0
31404,2020-05-27,3,equar,0
31405,2020-05-27,1,dicot,32
31405,2020-05-27,1,monocot,36
31405,2020-05-27,1,cirar,12
31405,2020-05-27,1,equar,0
31405,2020-05-27,2,dicot,60
31405,2020-05-27,2,monocot,20
31405,2020-05-27,2,cirar,8
31405,2020-05-27,2,equar,0
31405,2020-05-27,3,dicot,24
31405,2020-05-27,3,monocot,16
31405,2020-05-27,3,cirar,0
31405,2020-05-27,3,equar,0
31406,2020-05-27,1,dicot,88
31406,2020-05-27,1,monocot,32
31406,2020-05-27,1,cirar,0
31406,2020-05-27,1,equar,0
31406,2020-05-27,2,dicot,116
31406,2020-05-27,2,monocot,32
31406,2020-05-27,2,cirar,0
31406,2020-05-27,2,equar,0
31406,2020-05-27,3,dicot,88
31406,2020-05-27,3,monocot,12
31406,2020-05-27,3,cirar,0
31406,2020-05-27,3,equar,0
31502,2020-05-27,1,dicot,20
31502,2020-05-27,1,monocot,4
31502,2020-05-27,1,cirar,40
31502,2020-05-27,1,equar,0
31502,2020-05-27,2,dicot,52
31502,2020-05-27,2,monocot,8
31502,2020-05-27,2,cirar,40
31502,2020-05-27,2,equar,0
31502,2020-05-27,3,dicot,40
31502,2020-05-27,3,monocot,44
31502,2020-05-27,3,cirar,16
31502,2020-05-27,3,equar,0
31503,2020-05-27,1,dicot,0
31503,2020-05-27,1,monocot,28
31503,2020-05-27,1,cirar,0
31503,2020-05-27,1,equar,0
31503,2020-05-27,2,dicot,8
31503,2020-05-27,2,monocot,16
31503,2020-05-27,2,cirar,0
31503,2020-05-27,2,equar,0
31503,2020-05-27,3,dicot,16
31503,2020-05-27,3,monocot,28
31503,2020-05-27,3,cirar,8
31503,2020-05-27,3,equar,0
31504,2020-05-27,1,dicot,8
31504,2020-05-27,1,monocot,0
31504,2020-05-27,1,cirar,12
31504,2020-05-27,1,equar,0
31504,2020-05-27,2,dicot,40
31504,2020-05-27,2,monocot,0
31504,2020-05-27,2,cirar,0
31504,2020-05-27,2,equar,0
31504,2020-05-27,3,dicot,8
31504,2020-05-27,3,monocot,12
31504,2020-05-27,3,cirar,0
31504,2020-05-27,3,equar,0
31505,2020-05-27,1,dicot,8
31505,2020-05-27,1,monocot,16
31505,2020-05-27,1,cirar,0
31505,2020-05-27,1,equar,0
31505,2020-05-27,2,dicot,8
31505,2020-05-27,2,monocot,4
31505,2020-05-27,2,cirar,12
31505,2020-05-27,2,equar,0
31505,2020-05-27,3,dicot,24
31505,2020-05-27,3,monocot,16
31505,2020-05-27,3,cirar,8
31505,2020-05-27,3,equar,0
31506,2020-05-27,1,dicot,8
31506,2020-05-27,1,monocot,16
31506,2020-05-27,1,cirar,0
31506,2020-05-27,1,equar,0
31506,2020-05-27,2,dicot,8
31506,2020-05-27,2,monocot,4
31506,2020-05-27,2,cirar,0
31506,2020-05-27,2,equar,0
31506,2020-05-27,3,dicot,40
31506,2020-05-27,3,monocot,20
31506,2020-05-27,3,cirar,0
31506,2020-05-27,3,equar,0
31602,2020-05-27,1,dicot,96
31602,2020-05-27,1,monocot,0
31602,2020-05-27,1,cirar,0
31602,2020-05-27,1,equar,0
31602,2020-05-27,2,dicot,168
31602,2020-05-27,2,monocot,0
31602,2020-05-27,2,cirar,0
31602,2020-05-27,2,equar,0
31602,2020-05-27,3,dicot,156
31602,2020-05-27,3,monocot,0
31602,2020-05-27,3,cirar,0
31602,2020-05-27,3,equar,0
31603,2020-05-27,1,dicot,76
31603,2020-05-27,1,monocot,0
31603,2020-05-27,1,cirar,0
31603,2020-05-27,1,equar,0
31603,2020-05-27,2,dicot,104
31603,2020-05-27,2,monocot,0
31603,2020-05-27,2,cirar,0
31603,2020-05-27,2,equar,0
31603,2020-05-27,3,dicot,104
31603,2020-05-27,3,monocot,0
31603,2020-05-27,3,cirar,0
31603,2020-05-27,3,equar,0
31604,2020-05-27,1,dicot,84
31604,2020-05-27,1,monocot,0
31604,2020-05-27,1,cirar,0
31604,2020-05-27,1,equar,0
31604,2020-05-27,2,dicot,64
31604,2020-05-27,2,monocot,0
31604,2020-05-27,2,cirar,0
31604,2020-05-27,2,equar,0
31604,2020-05-27,3,dicot,60
31604,2020-05-27,3,monocot,0
31604,2020-05-27,3,cirar,0
31604,2020-05-27,3,equar,0
31605,2020-05-27,1,dicot,88
31605,2020-05-27,1,monocot,0
31605,2020-05-27,1,cirar,0
31605,2020-05-27,1,equar,0
31605,2020-05-27,2,dicot,84
31605,2020-05-27,2,monocot,0
31605,2020-05-27,2,cirar,0
31605,2020-05-27,2,equar,0
31605,2020-05-27,3,dicot,52
31605,2020-05-27,3,monocot,0
31605,2020-05-27,3,cirar,0
31605,2020-05-27,3,equar,0
31606,2020-05-27,1,dicot,76
31606,2020-05-27,1,monocot,0
31606,2020-05-27,1,cirar,0
31606,2020-05-27,1,equar,0
31606,2020-05-27,2,dicot,84
31606,2020-05-27,2,monocot,0
31606,2020-05-27,2,cirar,0
31606,2020-05-27,2,equar,0
31606,2020-05-27,3,dicot,100
31606,2020-05-27,3,monocot,8
31606,2020-05-27,3,cirar,0
31606,2020-05-27,3,equar,0
31801,2020-05-27,1,dicot,68
31801,2020-05-27,1,monocot,12
31801,2020-05-27,1,cirar,0
31801,2020-05-27,1,equar,0
31801,2020-05-27,2,dicot,100
31801,2020-05-27,2,monocot,4
31801,2020-05-27,2,cirar,0
31801,2020-05-27,2,equar,0
31801,2020-05-27,3,dicot,92
31801,2020-05-27,3,monocot,0
31801,2020-05-27,3,cirar,0
31801,2020-05-27,3,equar,0
31802,2020-05-27,1,dicot,140
31802,2020-05-27,1,monocot,4
31802,2020-05-27,1,cirar,0
31802,2020-05-27,1,equar,0
31802,2020-05-27,2,dicot,168
31802,2020-05-27,2,monocot,4
31802,2020-05-27,2,cirar,0
31802,2020-05-27,2,equar,0
31802,2020-05-27,3,dicot,108
31802,2020-05-27,3,monocot,16
31802,2020-05-27,3,cirar,0
31802,2020-05-27,3,equar,0
31803,2020-05-27,1,dicot,132
31803,2020-05-27,1,monocot,0
31803,2020-05-27,1,cirar,0
31803,2020-05-27,1,equar,0
31803,2020-05-27,2,dicot,100
31803,2020-05-27,2,monocot,20
31803,2020-05-27,2,cirar,0
31803,2020-05-27,2,equar,0
31803,2020-05-27,3,dicot,72
31803,2020-05-27,3,monocot,28
31803,2020-05-27,3,cirar,0
31803,2020-05-27,3,equar,0
31805,2020-05-27,1,dicot,36
31805,2020-05-27,1,monocot,20
31805,2020-05-27,1,cirar,0
31805,2020-05-27,1,equar,0
31805,2020-05-27,2,dicot,56
31805,2020-05-27,2,monocot,0
31805,2020-05-27,2,cirar,0
31805,2020-05-27,2,equar,0
31805,2020-05-27,3,dicot,56
31805,2020-05-27,3,monocot,4
31805,2020-05-27,3,cirar,0
31805,2020-05-27,3,equar,0
31806,2020-05-27,1,dicot,100
31806,2020-05-27,1,monocot,0
31806,2020-05-27,1,cirar,0
31806,2020-05-27,1,equar,0
31806,2020-05-27,2,dicot,88
31806,2020-05-27,2,monocot,0
31806,2020-05-27,2,cirar,0
31806,2020-05-27,2,equar,0
31806,2020-05-27,3,dicot,132
31806,2020-05-27,3,monocot,4
31806,2020-05-27,3,cirar,0
31806,2020-05-27,3,equar,0
31901,2020-05-27,1,dicot,96
31901,2020-05-27,1,monocot,20
31901,2020-05-27,1,cirar,0
31901,2020-05-27,1,equar,0
31901,2020-05-27,2,dicot,60
31901,2020-05-27,2,monocot,8
31901,2020-05-27,2,cirar,0
31901,2020-05-27,2,equar,0
31901,2020-05-27,3,dicot,88
31901,2020-05-27,3,monocot,60
31901,2020-05-27,3,cirar,0
31901,2020-05-27,3,equar,0
31902,2020-05-27,1,dicot,108
31902,2020-05-27,1,monocot,12
31902,2020-05-27,1,cirar,40
31902,2020-05-27,1,equar,0
31902,2020-05-27,2,dicot,64
31902,2020-05-27,2,monocot,4
31902,2020-05-27,2,cirar,36
31902,2020-05-27,2,equar,0
31902,2020-05-27,3,dicot,68
31902,2020-05-27,3,monocot,8
31902,2020-05-27,3,cirar,16
31902,2020-05-27,3,equar,0
31903,2020-05-27,1,dicot,24
31903,2020-05-27,1,monocot,36
31903,2020-05-27,1,cirar,0
31903,2020-05-27,1,equar,0
31903,2020-05-27,2,dicot,44
31903,2020-05-27,2,monocot,32
31903,2020-05-27,2,cirar,0
31903,2020-05-27,2,equar,0
31903,2020-05-27,3,dicot,100
31903,2020-05-27,3,monocot,48
31903,2020-05-27,3,cirar,0
31903,2020-05-27,3,equar,0
31905,2020-05-27,1,dicot,68
31905,2020-05-27,1,monocot,48
31905,2020-05-27,1,cirar,0
31905,2020-05-27,1,equar,0
31905,2020-05-27,2,dicot,36
31905,2020-05-27,2,monocot,84
31905,2020-05-27,2,cirar,4
31905,2020-05-27,2,equar,0
31905,2020-05-27,3,dicot,76
31905,2020-05-27,3,monocot,56
31905,2020-05-27,3,cirar,0
31905,2020-05-27,3,equar,0
31906,2020-05-27,1,dicot,92
31906,2020-05-27,1,monocot,16
31906,2020-05-27,1,cirar,24
31906,2020-05-27,1,equar,0
31906,2020-05-27,2,dicot,84
31906,2020-05-27,2,monocot,20
31906,2020-05-27,2,cirar,0
31906,2020-05-27,2,equar,0
31906,2020-05-27,3,dicot,100
31906,2020-05-27,3,monocot,12
31906,2020-05-27,3,cirar,0
31906,2020-05-27,3,equar,0
32001,2020-05-27,1,dicot,56
32001,2020-05-27,1,monocot,40
32001,2020-05-27,1,cirar,0
32001,2020-05-27,1,equar,0
32001,2020-05-27,2,dicot,8
32001,2020-05-27,2,monocot,12
32001,2020-05-27,2,cirar,0
32001,2020-05-27,2,equar,0
32001,2020-05-27,3,dicot,68
32001,2020-05-27,3,monocot,24
32001,2020-05-27,3,cirar,0
32001,2020-05-27,3,equar,0
32002,2020-05-27,1,dicot,140
32002,2020-05-27,1,monocot,16
32002,2020-05-27,1,cirar,0
32002,2020-05-27,1,equar,0
32002,2020-05-27,2,dicot,68
32002,2020-05-27,2,monocot,8
32002,2020-05-27,2,cirar,36
32002,2020-05-27,2,equar,0
32002,2020-05-27,3,dicot,36
32002,2020-05-27,3,monocot,12
32002,2020-05-27,3,cirar,16
32002,2020-05-27,3,equar,0
32003,2020-05-27,1,dicot,36
32003,2020-05-27,1,monocot,4
32003,2020-05-27,1,cirar,24
32003,2020-05-27,1,equar,0
32003,2020-05-27,2,dicot,16
32003,2020-05-27,2,monocot,24
32003,2020-05-27,2,cirar,0
32003,2020-05-27,2,equar,0
32003,2020-05-27,3,dicot,128
32003,2020-05-27,3,monocot,4
32003,2020-05-27,3,cirar,0
32003,2020-05-27,3,equar,0
32005,2020-05-27,1,dicot,8
32005,2020-05-27,1,monocot,0
32005,2020-05-27,1,cirar,12
32005,2020-05-27,1,equar,0
32005,2020-05-27,2,dicot,44
32005,2020-05-27,2,monocot,0
32005,2020-05-27,2,cirar,4
32005,2020-05-27,2,equar,0
32005,2020-05-27,3,dicot,8
32005,2020-05-27,3,monocot,12
32005,2020-05-27,3,cirar,0
32005,2020-05-27,3,equar,0
32006,2020-05-27,1,dicot,60
32006,2020-05-27,1,monocot,0
32006,2020-05-27,1,cirar,0
32006,2020-05-27,1,equar,0
32006,2020-05-27,2,dicot,52
32006,2020-05-27,2,monocot,24
32006,2020-05-27,2,cirar,0
32006,2020-05-27,2,equar,0
32006,2020-05-27,3,dicot,64
32006,2020-05-27,3,monocot,0
32006,2020-05-27,3,cirar,0
32006,2020-05-27,3,equar,0
32601,2020-05-27,1,dicot,44
32601,2020-05-27,1,monocot,48
32601,2020-05-27,1,cirar,0
32601,2020-05-27,1,equar,0
32601,2020-05-27,2,dicot,68
32601,2020-05-27,2,monocot,20
32601,2020-05-27,2,cirar,0
32601,2020-05-27,2,equar,0
32601,2020-05-27,3,dicot,52
32601,2020-05-27,3,monocot,16
32601,2020-05-27,3,cirar,0
32601,2020-05-27,3,equar,0
32602,2020-05-27,1,dicot,80
32602,2020-05-27,1,monocot,20
32602,2020-05-27,1,cirar,24
32602,2020-05-27,1,equar,0
32602,2020-05-27,2,dicot,32
32602,2020-05-27,2,monocot,0
32602,2020-05-27,2,cirar,20
32602,2020-05-27,2,equar,0
32602,2020-05-27,3,dicot,32
32602,2020-05-27,3,monocot,0
32602,2020-05-27,3,cirar,28
32602,2020-05-27,3,equar,0
32603,2020-05-27,1,dicot,36
32603,2020-05-27,1,monocot,28
32603,2020-05-27,1,cirar,0
32603,2020-05-27,1,equar,0
32603,2020-05-27,2,dicot,60
32603,2020-05-27,2,monocot,20
32603,2020-05-27,2,cirar,0
32603,2020-05-27,2,equar,0
32603,2020-05-27,3,dicot,60
32603,2020-05-27,3,monocot,16
32603,2020-05-27,3,cirar,0
32603,2020-05-27,3,equar,0
32605,2020-05-27,1,dicot,24
32605,2020-05-27,1,monocot,40
32605,2020-05-27,1,cirar,0
32605,2020-05-27,1,equar,0
32605,2020-05-27,2,dicot,36
32605,2020-05-27,2,monocot,8
32605,2020-05-27,2,cirar,4
32605,2020-05-27,2,equar,0
32605,2020-05-27,3,dicot,64
32605,2020-05-27,3,monocot,16
32605,2020-05-27,3,cirar,0
32605,2020-05-27,3,equar,0
32606,2020-05-27,1,dicot,44
32606,2020-05-27,1,monocot,8
32606,2020-05-27,1,cirar,8
32606,2020-05-27,1,equar,0
32606,2020-05-27,2,dicot,52
32606,2020-05-27,2,monocot,24
32606,2020-05-27,2,cirar,0
32606,2020-05-27,2,equar,0
32606,2020-05-27,3,dicot,64
32606,2020-05-27,3,monocot,16
32606,2020-05-27,3,cirar,0
32606,2020-05-27,3,equar,0
32701,2020-05-27,1,dicot,68
32701,2020-05-27,1,monocot,32
32701,2020-05-27,1,cirar,0
32701,2020-05-27,1,equar,0
32701,2020-05-27,2,dicot,44
32701,2020-05-27,2,monocot,16
32701,2020-05-27,2,cirar,0
32701,2020-05-27,2,equar,0
32701,2020-05-27,3,dicot,48
32701,2020-05-27,3,monocot,36
32701,2020-05-27,3,cirar,0
32701,2020-05-27,3,equar,0
32702,2020-05-27,1,dicot,108
32702,2020-05-27,1,monocot,20
32702,2020-05-27,1,cirar,0
32702,2020-05-27,1,equar,0
32702,2020-05-27,2,dicot,44
32702,2020-05-27,2,monocot,44
32702,2020-05-27,2,cirar,0
32702,2020-05-27,2,equar,0
32702,2020-05-27,3,dicot,20
32702,2020-05-27,3,monocot,28
32702,2020-05-27,3,cirar,8
32702,2020-05-27,3,equar,0
32703,2020-05-27,1,dicot,72
32703,2020-05-27,1,monocot,12
32703,2020-05-27,1,cirar,0
32703,2020-05-27,1,equar,0
32703,2020-05-27,2,dicot,92
32703,2020-05-27,2,monocot,16
32703,2020-05-27,2,cirar,0
32703,2020-05-27,2,equar,0
32703,2020-05-27,3,dicot,88
32703,2020-05-27,3,monocot,12
32703,2020-05-27,3,cirar,0
32703,2020-05-27,3,equar,0
32705,2020-05-27,1,dicot,44
32705,2020-05-27,1,monocot,64
32705,2020-05-27,1,cirar,0
32705,2020-05-27,1,equar,0
32705,2020-05-27,2,dicot,44
32705,2020-05-27,2,monocot,68
32705,2020-05-27,2,cirar,4
32705,2020-05-27,2,equar,0
32705,2020-05-27,3,dicot,48
32705,2020-05-27,3,monocot,32
32705,2020-05-27,3,cirar,0
32705,2020-05-27,3,equar,0
32706,2020-05-27,1,dicot,92
32706,2020-05-27,1,monocot,44
32706,2020-05-27,1,cirar,0
32706,2020-05-27,1,equar,0
32706,2020-05-27,2,dicot,68
32706,2020-05-27,2,monocot,24
32706,2020-05-27,2,cirar,0
32706,2020-05-27,2,equar,0
32706,2020-05-27,3,dicot,64
32706,2020-05-27,3,monocot,36
32706,2020-05-27,3,cirar,0
32706,2020-05-27,3,equar,0
32801,2020-05-27,1,dicot,120
32801,2020-05-27,1,monocot,0
32801,2020-05-27,1,cirar,0
32801,2020-05-27,1,equar,0
32801,2020-05-27,2,dicot,160
32801,2020-05-27,2,monocot,4
32801,2020-05-27,2,cirar,0
32801,2020-05-27,2,equar,0
32801,2020-05-27,3,dicot,180
32801,2020-05-27,3,monocot,0
32801,2020-05-27,3,cirar,0
32801,2020-05-27,3,equar,0
32802,2020-05-27,1,dicot,140
32802,2020-05-27,1,monocot,0
32802,2020-05-27,1,cirar,0
32802,2020-05-27,1,equar,0
32802,2020-05-27,2,dicot,160
32802,2020-05-27,2,monocot,0
32802,2020-05-27,2,cirar,0
32802,2020-05-27,2,equar,0
32802,2020-05-27,3,dicot,120
32802,2020-05-27,3,monocot,0
32802,2020-05-27,3,cirar,0
32802,2020-05-27,3,equar,0
32803,2020-05-27,1,dicot,100
32803,2020-05-27,1,monocot,4
32803,2020-05-27,1,cirar,0
32803,2020-05-27,1,equar,0
32803,2020-05-27,2,dicot,100
32803,2020-05-27,2,monocot,0
32803,2020-05-27,2,cirar,0
32803,2020-05-27,2,equar,0
32803,2020-05-27,3,dicot,80
32803,2020-05-27,3,monocot,0
32803,2020-05-27,3,cirar,0
32803,2020-05-27,3,equar,0
32805,2020-05-27,1,dicot,140
32805,2020-05-27,1,monocot,0
32805,2020-05-27,1,cirar,0
32805,2020-05-27,1,equar,0
32805,2020-05-27,2,dicot,180
32805,2020-05-27,2,monocot,0
32805,2020-05-27,2,cirar,0
32805,2020-05-27,2,equar,0
32805,2020-05-27,3,dicot,180
32805,2020-05-27,3,monocot,0
32805,2020-05-27,3,cirar,0
32805,2020-05-27,3,equar,0
32806,2020-05-27,1,dicot,200
32806,2020-05-27,1,monocot,0
32806,2020-05-27,1,cirar,0
32806,2020-05-27,1,equar,0
32806,2020-05-27,2,dicot,140
32806,2020-05-27,2,monocot,0
32806,2020-05-27,2,cirar,0
32806,2020-05-27,2,equar,0
32806,2020-05-27,3,dicot,180
32806,2020-05-27,3,monocot,0
32806,2020-05-27,3,cirar,0
32806,2020-05-27,3,equar,0
34101,2020-05-27,1,dicot,64
34101,2020-05-27,1,monocot,20
34101,2020-05-27,1,cirar,0
34101,2020-05-27,1,equar,0
34101,2020-05-27,2,dicot,60
34101,2020-05-27,2,monocot,0
34101,2020-05-27,2,cirar,0
34101,2020-05-27,2,equar,0
34101,2020-05-27,3,dicot,68
34101,2020-05-27,3,monocot,12
34101,2020-05-27,3,cirar,0
34101,2020-05-27,3,equar,0
34102,2020-05-27,1,dicot,48
34102,2020-05-27,1,monocot,40
34102,2020-05-27,1,cirar,0
34102,2020-05-27,1,equar,0
34102,2020-05-27,2,dicot,88
34102,2020-05-27,2,monocot,36
34102,2020-05-27,2,cirar,0
34102,2020-05-27,2,equar,0
34102,2020-05-27,3,dicot,128
34102,2020-05-27,3,monocot,0
34102,2020-05-27,3,cirar,0
34102,2020-05-27,3,equar,0
34103,2020-05-27,1,dicot,80
34103,2020-05-27,1,monocot,32
34103,2020-05-27,1,cirar,0
34103,2020-05-27,1,equar,0
34103,2020-05-27,2,dicot,132
34103,2020-05-27,2,monocot,12
34103,2020-05-27,2,cirar,0
34103,2020-05-27,2,equar,0
34103,2020-05-27,3,dicot,124
34103,2020-05-27,3,monocot,20
34103,2020-05-27,3,cirar,0
34103,2020-05-27,3,equar,0
34104,2020-05-27,1,dicot,144
34104,2020-05-27,1,monocot,16
34104,2020-05-27,1,cirar,0
34104,2020-05-27,1,equar,0
34104,2020-05-27,2,dicot,136
34104,2020-05-27,2,monocot,0
34104,2020-05-27,2,cirar,0
34104,2020-05-27,2,equar,0
34104,2020-05-27,3,dicot,144
34104,2020-05-27,3,monocot,8
34104,2020-05-27,3,cirar,0
34104,2020-05-27,3,equar,0
34105,2020-05-27,1,dicot,92
34105,2020-05-27,1,monocot,0
34105,2020-05-27,1,cirar,0
34105,2020-05-27,1,equar,0
34105,2020-05-27,2,dicot,56
34105,2020-05-27,2,monocot,28
34105,2020-05-27,2,cirar,0
34105,2020-05-27,2,equar,0
34105,2020-05-27,3,dicot,64
34105,2020-05-27,3,monocot,12
34105,2020-05-27,3,cirar,0
34105,2020-05-27,3,equar,0
34301,2020-05-27,1,dicot,108
34301,2020-05-27,1,monocot,20
34301,2020-05-27,1,cirar,0
34301,2020-05-27,1,equar,0
34301,2020-05-27,2,dicot,28
34301,2020-05-27,2,monocot,24
34301,2020-05-27,2,cirar,0
34301,2020-05-27,2,equar,0
34301,2020-05-27,3,dicot,52
34301,2020-05-27,3,monocot,20
34301,2020-05-27,3,cirar,0
34301,2020-05-27,3,equar,0
34302,2020-05-27,1,dicot,64
34302,2020-05-27,1,monocot,0
34302,2020-05-27,1,cirar,12
34302,2020-05-27,1,equar,0
34302,2020-05-27,2,dicot,108
34302,2020-05-27,2,monocot,4
34302,2020-05-27,2,cirar,0
34302,2020-05-27,2,equar,0
34302,2020-05-27,3,dicot,56
34302,2020-05-27,3,monocot,24
34302,2020-05-27,3,cirar,0
34302,2020-05-27,3,equar,0
34303,2020-05-27,1,dicot,4
34303,2020-05-27,1,monocot,48
34303,2020-05-27,1,cirar,0
34303,2020-05-27,1,equar,0
34303,2020-05-27,2,dicot,36
34303,2020-05-27,2,monocot,24
34303,2020-05-27,2,cirar,0
34303,2020-05-27,2,equar,0
34303,2020-05-27,3,dicot,0
34303,2020-05-27,3,monocot,16
34303,2020-05-27,3,cirar,0
34303,2020-05-27,3,equar,0
34304,2020-05-27,1,dicot,4
34304,2020-05-27,1,monocot,52
34304,2020-05-27,1,cirar,0
34304,2020-05-27,1,equar,0
34304,2020-05-27,2,dicot,48
34304,2020-05-27,2,monocot,20
34304,2020-05-27,2,cirar,0
34304,2020-05-27,2,equar,0
34304,2020-05-27,3,dicot,12
34304,2020-05-27,3,monocot,44
34304,2020-05-27,3,cirar,0
34304,2020-05-27,3,equar,0
34305,2020-05-27,1,dicot,44
34305,2020-05-27,1,monocot,20
34305,2020-05-27,1,cirar,0
34305,2020-05-27,1,equar,0
34305,2020-05-27,2,dicot,24
34305,2020-05-27,2,monocot,16
34305,2020-05-27,2,cirar,0
34305,2020-05-27,2,equar,0
34305,2020-05-27,3,dicot,48
34305,2020-05-27,3,monocot,28
34305,2020-05-27,3,cirar,0
34305,2020-05-27,3,equar,0
34401,2020-05-27,1,dicot,28
34401,2020-05-27,1,monocot,36
34401,2020-05-27,1,cirar,0
34401,2020-05-27,1,equar,0
34401,2020-05-27,2,dicot,36
34401,2020-05-27,2,monocot,12
34401,2020-05-27,2,cirar,0
34401,2020-05-27,2,equar,0
34401,2020-05-27,3,dicot,28
34401,2020-05-27,3,monocot,20
34401,2020-05-27,3,cirar,0
34401,2020-05-27,3,equar,0
34402,2020-05-27,1,dicot,12
34402,2020-05-27,1,monocot,20
34402,2020-05-27,1,cirar,12
34402,2020-05-27,1,equar,0
34402,2020-05-27,2,dicot,32
34402,2020-05-27,2,monocot,8
34402,2020-05-27,2,cirar,12
34402,2020-05-27,2,equar,0
34402,2020-05-27,3,dicot,4
34402,2020-05-27,3,monocot,4
34402,2020-05-27,3,cirar,16
34402,2020-05-27,3,equar,0
34403,2020-05-27,1,dicot,32
34403,2020-05-27,1,monocot,28
34403,2020-05-27,1,cirar,0
34403,2020-05-27,1,equar,0
34403,2020-05-27,2,dicot,28
34403,2020-05-27,2,monocot,4
34403,2020-05-27,2,cirar,0
34403,2020-05-27,2,equar,0
34403,2020-05-27,3,dicot,8
34403,2020-05-27,3,monocot,16
34403,2020-05-27,3,cirar,0
34403,2020-05-27,3,equar,0
34404,2020-05-27,1,dicot,4
34404,2020-05-27,1,monocot,16
34404,2020-05-27,1,cirar,0
34404,2020-05-27,1,equar,0
34404,2020-05-27,2,dicot,28
34404,2020-05-27,2,monocot,32
34404,2020-05-27,2,cirar,0
34404,2020-05-27,2,equar,0
34404,2020-05-27,3,dicot,36
34404,2020-05-27,3,monocot,36
34404,2020-05-27,3,cirar,0
34404,2020-05-27,3,equar,0
34405,2020-05-27,1,dicot,44
34405,2020-05-27,1,monocot,32
34405,2020-05-27,1,cirar,0
34405,2020-05-27,1,equar,0
34405,2020-05-27,2,dicot,12
34405,2020-05-27,2,monocot,48
34405,2020-05-27,2,cirar,0
34405,2020-05-27,2,equar,0
34405,2020-05-27,3,dicot,36
34405,2020-05-27,3,monocot,20
34405,2020-05-27,3,cirar,0
34405,2020-05-27,3,equar,0
34602,2020-05-27,1,dicot,16
34602,2020-05-27,1,monocot,20
34602,2020-05-27,1,cirar,88
34602,2020-05-27,1,equar,0
34602,2020-05-27,2,dicot,12
34602,2020-05-27,2,monocot,4
34602,2020-05-27,2,cirar,20
34602,2020-05-27,2,equar,0
34602,2020-05-27,3,dicot,32
34602,2020-05-27,3,monocot,16
34602,2020-05-27,3,cirar,0
34602,2020-05-27,3,equar,0
34603,2020-05-27,1,dicot,16
34603,2020-05-27,1,monocot,12
34603,2020-05-27,1,cirar,0
34603,2020-05-27,1,equar,0
34603,2020-05-27,2,dicot,8
34603,2020-05-27,2,monocot,32
34603,2020-05-27,2,cirar,0
34603,2020-05-27,2,equar,0
34603,2020-05-27,3,dicot,4
34603,2020-05-27,3,monocot,16
34603,2020-05-27,3,cirar,0
34603,2020-05-27,3,equar,0
34604,2020-05-27,1,dicot,4
34604,2020-05-27,1,monocot,16
34604,2020-05-27,1,cirar,4
34604,2020-05-27,1,equar,0
34604,2020-05-27,2,dicot,8
34604,2020-05-27,2,monocot,28
34604,2020-05-27,2,cirar,0
34604,2020-05-27,2,equar,0
34604,2020-05-27,3,dicot,32
34604,2020-05-27,3,monocot,28
34604,2020-05-27,3,cirar,0
34604,2020-05-27,3,equar,0
34605,2020-05-27,1,dicot,48
34605,2020-05-27,1,monocot,8
34605,2020-05-27,1,cirar,0
34605,2020-05-27,1,equar,0
34605,2020-05-27,2,dicot,20
34605,2020-05-27,2,monocot,40
34605,2020-05-27,2,cirar,8
34605,2020-05-27,2,equar,0
34605,2020-05-27,3,dicot,8
34605,2020-05-27,3,monocot,36
34605,2020-05-27,3,cirar,16
34605,2020-05-27,3,equar,0
34606,2020-05-27,1,dicot,24
34606,2020-05-27,1,monocot,12
34606,2020-05-27,1,cirar,0
34606,2020-05-27,1,equar,0
34606,2020-05-27,2,dicot,40
34606,2020-05-27,2,monocot,28
34606,2020-05-27,2,cirar,0
34606,2020-05-27,2,equar,0
34606,2020-05-27,3,dicot,8
34606,2020-05-27,3,monocot,8
34606,2020-05-27,3,cirar,0
34606,2020-05-27,3,equar,0
34702,2020-05-27,1,dicot,24
34702,2020-05-27,1,monocot,16
34702,2020-05-27,1,cirar,28
34702,2020-05-27,1,equar,0
34702,2020-05-27,2,dicot,20
34702,2020-05-27,2,monocot,8
34702,2020-05-27,2,cirar,12
34702,2020-05-27,2,equar,0
34702,2020-05-27,3,dicot,12
34702,2020-05-27,3,monocot,16
34702,2020-05-27,3,cirar,0
34702,2020-05-27,3,equar,0
34703,2020-05-27,1,dicot,20
34703,2020-05-27,1,monocot,32
34703,2020-05-27,1,cirar,0
34703,2020-05-27,1,equar,0
34703,2020-05-27,2,dicot,12
34703,2020-05-27,2,monocot,20
34703,2020-05-27,2,cirar,0
34703,2020-05-27,2,equar,0
34703,2020-05-27,3,dicot,16
34703,2020-05-27,3,monocot,16
34703,2020-05-27,3,cirar,0
34703,2020-05-27,3,equar,0
34704,2020-05-27,1,dicot,24
34704,2020-05-27,1,monocot,24
34704,2020-05-27,1,cirar,0
34704,2020-05-27,1,equar,0
34704,2020-05-27,2,dicot,16
34704,2020-05-27,2,monocot,36
34704,2020-05-27,2,cirar,0
34704,2020-05-27,2,equar,0
34704,2020-05-27,3,dicot,8
34704,2020-05-27,3,monocot,52
34704,2020-05-27,3,cirar,0
34704,2020-05-27,3,equar,0
34705,2020-05-27,1,dicot,24
34705,2020-05-27,1,monocot,16
34705,2020-05-27,1,cirar,0
34705,2020-05-27,1,equar,0
34705,2020-05-27,2,dicot,12
34705,2020-05-27,2,monocot,20
34705,2020-05-27,2,cirar,0
34705,2020-05-27,2,equar,0
34705,2020-05-27,3,dicot,28
34705,2020-05-27,3,monocot,36
34705,2020-05-27,3,cirar,0
34705,2020-05-27,3,equar,0
34706,2020-05-27,1,dicot,56
34706,2020-05-27,1,monocot,16
34706,2020-05-27,1,cirar,20
34706,2020-05-27,1,equar,0
34706,2020-05-27,2,dicot,20
34706,2020-05-27,2,monocot,44
34706,2020-05-27,2,cirar,0
34706,2020-05-27,2,equar,0
34706,2020-05-27,3,dicot,16
34706,2020-05-27,3,monocot,4
34706,2020-05-27,3,cirar,0
34706,2020-05-27,3,equar,0
34802,2020-05-27,1,dicot,140
34802,2020-05-27,1,monocot,0
34802,2020-05-27,1,cirar,0
34802,2020-05-27,1,equar,0
34802,2020-05-27,2,dicot,100
34802,2020-05-27,2,monocot,0
34802,2020-05-27,2,cirar,0
34802,2020-05-27,2,equar,0
34802,2020-05-27,3,dicot,120
34802,2020-05-27,3,monocot,0
34802,2020-05-27,3,cirar,0
34802,2020-05-27,3,equar,0
34803,2020-05-27,1,dicot,64
34803,2020-05-27,1,monocot,0
34803,2020-05-27,1,cirar,0
34803,2020-05-27,1,equar,0
34803,2020-05-27,2,dicot,88
34803,2020-05-27,2,monocot,0
34803,2020-05-27,2,cirar,0
34803,2020-05-27,2,equar,0
34803,2020-05-27,3,dicot,76
34803,2020-05-27,3,monocot,0
34803,2020-05-27,3,cirar,0
34803,2020-05-27,3,equar,0
34804,2020-05-27,1,dicot,128
34804,2020-05-27,1,monocot,0
34804,2020-05-27,1,cirar,0
34804,2020-05-27,1,equar,0
34804,2020-05-27,2,dicot,100
34804,2020-05-27,2,monocot,0
34804,2020-05-27,2,cirar,0
34804,2020-05-27,2,equar,0
34804,2020-05-27,3,dicot,120
34804,2020-05-27,3,monocot,0
34804,2020-05-27,3,cirar,0
34804,2020-05-27,3,equar,0
34805,2020-05-27,1,dicot,100
34805,2020-05-27,1,monocot,0
34805,2020-05-27,1,cirar,0
34805,2020-05-27,1,equar,0
34805,2020-05-27,2,dicot,120
34805,2020-05-27,2,monocot,0
34805,2020-05-27,2,cirar,0
34805,2020-05-27,2,equar,0
34805,2020-05-27,3,dicot,80
34805,2020-05-27,3,monocot,0
34805,2020-05-27,3,cirar,0
34805,2020-05-27,3,equar,0
34806,2020-05-27,1,dicot,72
34806,2020-05-27,1,monocot,0
34806,2020-05-27,1,cirar,0
34806,2020-05-27,1,equar,0
34806,2020-05-27,2,dicot,100
34806,2020-05-27,2,monocot,0
34806,2020-05-27,2,cirar,0
34806,2020-05-27,2,equar,0
34806,2020-05-27,3,dicot,120
34806,2020-05-27,3,monocot,0
34806,2020-05-27,3,cirar,0
34806,2020-05-27,3,equar,0
34901,2020-05-27,1,dicot,28
34901,2020-05-27,1,monocot,20
34901,2020-05-27,1,cirar,0
34901,2020-05-27,1,equar,0
34901,2020-05-27,2,dicot,56
34901,2020-05-27,2,monocot,32
34901,2020-05-27,2,cirar,0
34901,2020-05-27,2,equar,0
34901,2020-05-27,3,dicot,20
34901,2020-05-27,3,monocot,28
34901,2020-05-27,3,cirar,0
34901,2020-05-27,3,equar,0
34902,2020-05-27,1,dicot,12
34902,2020-05-27,1,monocot,28
34902,2020-05-27,1,cirar,24
34902,2020-05-27,1,equar,0
34902,2020-05-27,2,dicot,8
34902,2020-05-27,2,monocot,12
34902,2020-05-27,2,cirar,0
34902,2020-05-27,2,equar,0
34902,2020-05-27,3,dicot,52
34902,2020-05-27,3,monocot,12
34902,2020-05-27,3,cirar,16
34902,2020-05-27,3,equar,0
34903,2020-05-27,1,dicot,12
34903,2020-05-27,1,monocot,4
34903,2020-05-27,1,cirar,8
34903,2020-05-27,1,equar,0
34903,2020-05-27,2,dicot,16
34903,2020-05-27,2,monocot,0
34903,2020-05-27,2,cirar,24
34903,2020-05-27,2,equar,0
34903,2020-05-27,3,dicot,44
34903,2020-05-27,3,monocot,12
34903,2020-05-27,3,cirar,16
34903,2020-05-27,3,equar,0
34905,2020-05-27,1,dicot,56
34905,2020-05-27,1,monocot,20
34905,2020-05-27,1,cirar,4
34905,2020-05-27,1,equar,0
34905,2020-05-27,2,dicot,12
34905,2020-05-27,2,monocot,20
34905,2020-05-27,2,cirar,0
34905,2020-05-27,2,equar,0
34905,2020-05-27,3,dicot,20
34905,2020-05-27,3,monocot,56
34905,2020-05-27,3,cirar,0
34905,2020-05-27,3,equar,0
34906,2020-05-27,1,dicot,8
34906,2020-05-27,1,monocot,4
34906,2020-05-27,1,cirar,0
34906,2020-05-27,1,equar,0
34906,2020-05-27,2,dicot,4
34906,2020-05-27,2,monocot,28
34906,2020-05-27,2,cirar,0
34906,2020-05-27,2,equar,0
34906,2020-05-27,3,dicot,28
34906,2020-05-27,3,monocot,16
34906,2020-05-27,3,cirar,0
34906,2020-05-27,3,equar,0
35101,2020-05-27,1,dicot,200
35101,2020-05-27,1,monocot,0
35101,2020-05-27,1,cirar,0
35101,2020-05-27,1,equar,0
35101,2020-05-27,2,dicot,200
35101,2020-05-27,2,monocot,0
35101,2020-05-27,2,cirar,0
35101,2020-05-27,2,equar,0
35101,2020-05-27,3,dicot,200
35101,2020-05-27,3,monocot,0
35101,2020-05-27,3,cirar,0
35101,2020-05-27,3,equar,0
35102,2020-05-27,1,dicot,160
35102,2020-05-27,1,monocot,0
35102,2020-05-27,1,cirar,0
35102,2020-05-27,1,equar,0
35102,2020-05-27,2,dicot,120
35102,2020-05-27,2,monocot,0
35102,2020-05-27,2,cirar,0
35102,2020-05-27,2,equar,0
35102,2020-05-27,3,dicot,120
35102,2020-05-27,3,monocot,8
35102,2020-05-27,3,cirar,0
35102,2020-05-27,3,equar,0
35103,2020-05-27,1,dicot,160
35103,2020-05-27,1,monocot,0
35103,2020-05-27,1,cirar,0
35103,2020-05-27,1,equar,0
35103,2020-05-27,2,dicot,160
35103,2020-05-27,2,monocot,0
35103,2020-05-27,2,cirar,0
35103,2020-05-27,2,equar,0
35103,2020-05-27,3,dicot,200
35103,2020-05-27,3,monocot,0
35103,2020-05-27,3,cirar,0
35103,2020-05-27,3,equar,0
35105,2020-05-27,1,dicot,200
35105,2020-05-27,1,monocot,0
35105,2020-05-27,1,cirar,0
35105,2020-05-27,1,equar,0
35105,2020-05-27,2,dicot,160
35105,2020-05-27,2,monocot,12
35105,2020-05-27,2,cirar,0
35105,2020-05-27,2,equar,0
35105,2020-05-27,3,dicot,160
35105,2020-05-27,3,monocot,0
35105,2020-05-27,3,cirar,0
35105,2020-05-27,3,equar,0
35106,2020-05-27,1,dicot,100
35106,2020-05-27,1,monocot,0
35106,2020-05-27,1,cirar,0
35106,2020-05-27,1,equar,0
35106,2020-05-27,2,dicot,200
35106,2020-05-27,2,monocot,0
35106,2020-05-27,2,cirar,0
35106,2020-05-27,2,equar,0
35106,2020-05-27,3,dicot,200
35106,2020-05-27,3,monocot,0
35106,2020-05-27,3,cirar,0
35106,2020-05-27,3,equar,0
35201,2020-05-27,1,dicot,24
35201,2020-05-27,1,monocot,32
35201,2020-05-27,1,cirar,0
35201,2020-05-27,1,equar,0
35201,2020-05-27,2,dicot,12
35201,2020-05-27,2,monocot,16
35201,2020-05-27,2,cirar,0
35201,2020-05-27,2,equar,0
35201,2020-05-27,3,dicot,24
35201,2020-05-27,3,monocot,24
35201,2020-05-27,3,cirar,0
35201,2020-05-27,3,equar,0
35202,2020-05-27,1,dicot,8
35202,2020-05-27,1,monocot,20
35202,2020-05-27,1,cirar,0
35202,2020-05-27,1,equar,0
35202,2020-05-27,2,dicot,8
35202,2020-05-27,2,monocot,20
35202,2020-05-27,2,cirar,0
35202,2020-05-27,2,equar,0
35202,2020-05-27,3,dicot,16
35202,2020-05-27,3,monocot,8
35202,2020-05-27,3,cirar,0
35202,2020-05-27,3,equar,0
35203,2020-05-27,1,dicot,20
35203,2020-05-27,1,monocot,24
35203,2020-05-27,1,cirar,0
35203,2020-05-27,1,equar,0
35203,2020-05-27,2,dicot,20
35203,2020-05-27,2,monocot,40
35203,2020-05-27,2,cirar,0
35203,2020-05-27,2,equar,0
35203,2020-05-27,3,dicot,8
35203,2020-05-27,3,monocot,36
35203,2020-05-27,3,cirar,0
35203,2020-05-27,3,equar,0
35205,2020-05-27,1,dicot,16
35205,2020-05-27,1,monocot,32
35205,2020-05-27,1,cirar,0
35205,2020-05-27,1,equar,0
35205,2020-05-27,2,dicot,8
35205,2020-05-27,2,monocot,20
35205,2020-05-27,2,cirar,4
35205,2020-05-27,2,equar,0
35205,2020-05-27,3,dicot,12
35205,2020-05-27,3,monocot,28
35205,2020-05-27,3,cirar,0
35205,2020-05-27,3,equar,0
35206,2020-05-27,1,dicot,8
35206,2020-05-27,1,monocot,24
35206,2020-05-27,1,cirar,0
35206,2020-05-27,1,equar,0
35206,2020-05-27,2,dicot,28
35206,2020-05-27,2,monocot,40
35206,2020-05-27,2,cirar,0
35206,2020-05-27,2,equar,0
35206,2020-05-27,3,dicot,16
35206,2020-05-27,3,monocot,8
35206,2020-05-27,3,cirar,0
35206,2020-05-27,3,equar,0
35301,2020-05-27,1,dicot,16
35301,2020-05-27,1,monocot,8
35301,2020-05-27,1,cirar,4
35301,2020-05-27,1,equar,0
35301,2020-05-27,2,dicot,24
35301,2020-05-27,2,monocot,20
35301,2020-05-27,2,cirar,0
35301,2020-05-27,2,equar,0
35301,2020-05-27,3,dicot,20
35301,2020-05-27,3,monocot,20
35301,2020-05-27,3,cirar,0
35301,2020-05-27,3,equar,0
35302,2020-05-27,1,dicot,48
35302,2020-05-27,1,monocot,12
35302,2020-05-27,1,cirar,36
35302,2020-05-27,1,equar,0
35302,2020-05-27,2,dicot,116
35302,2020-05-27,2,monocot,8
35302,2020-05-27,2,cirar,4
35302,2020-05-27,2,equar,0
35302,2020-05-27,3,dicot,120
35302,2020-05-27,3,monocot,8
35302,2020-05-27,3,cirar,24
35302,2020-05-27,3,equar,0
35304,2020-05-27,1,dicot,12
35304,2020-05-27,1,monocot,24
35304,2020-05-27,1,cirar,0
35304,2020-05-27,1,equar,0
35304,2020-05-27,2,dicot,20
35304,2020-05-27,2,monocot,4
35304,2020-05-27,2,cirar,0
35304,2020-05-27,2,equar,0
35304,2020-05-27,3,dicot,40
35304,2020-05-27,3,monocot,12
35304,2020-05-27,3,cirar,0
35304,2020-05-27,3,equar,0
35305,2020-05-27,1,dicot,28
35305,2020-05-27,1,monocot,24
35305,2020-05-27,1,cirar,8
35305,2020-05-27,1,equar,0
35305,2020-05-27,2,dicot,32
35305,2020-05-27,2,monocot,8
35305,2020-05-27,2,cirar,24
35305,2020-05-27,2,equar,0
35305,2020-05-27,3,dicot,8
35305,2020-05-27,3,monocot,16
35305,2020-05-27,3,cirar,16
35305,2020-05-27,3,equar,0
35306,2020-05-27,1,dicot,8
35306,2020-05-27,1,monocot,32
35306,2020-05-27,1,cirar,0
35306,2020-05-27,1,equar,0
35306,2020-05-27,2,dicot,24
35306,2020-05-27,2,monocot,0
35306,2020-05-27,2,cirar,0
35306,2020-05-27,2,equar,0
35306,2020-05-27,3,dicot,16
35306,2020-05-27,3,monocot,0
35306,2020-05-27,3,cirar,0
35306,2020-05-27,3,equar,0
35401,2020-05-27,1,dicot,112
35401,2020-05-27,1,monocot,0
35401,2020-05-27,1,cirar,0
35401,2020-05-27,1,equar,0
35401,2020-05-27,2,dicot,128
35401,2020-05-27,2,monocot,0
35401,2020-05-27,2,cirar,0
35401,2020-05-27,2,equar,0
35401,2020-05-27,3,dicot,112
35401,2020-05-27,3,monocot,0
35401,2020-05-27,3,cirar,0
35401,2020-05-27,3,equar,0
35402,2020-05-27,1,dicot,64
35402,2020-05-27,1,monocot,0
35402,2020-05-27,1,cirar,0
35402,2020-05-27,1,equar,0
35402,2020-05-27,2,dicot,64
35402,2020-05-27,2,monocot,56
35402,2020-05-27,2,cirar,0
35402,2020-05-27,2,equar,0
35402,2020-05-27,3,dicot,128
35402,2020-05-27,3,monocot,0
35402,2020-05-27,3,cirar,0
35402,2020-05-27,3,equar,0
35404,2020-05-27,1,dicot,96
35404,2020-05-27,1,monocot,0
35404,2020-05-27,1,cirar,0
35404,2020-05-27,1,equar,0
35404,2020-05-27,2,dicot,92
35404,2020-05-27,2,monocot,8
35404,2020-05-27,2,cirar,0
35404,2020-05-27,2,equar,0
35404,2020-05-27,3,dicot,104
35404,2020-05-27,3,monocot,8
35404,2020-05-27,3,cirar,0
35404,2020-05-27,3,equar,0
35405,2020-05-27,1,dicot,112
35405,2020-05-27,1,monocot,0
35405,2020-05-27,1,cirar,0
35405,2020-05-27,1,equar,0
35405,2020-05-27,2,dicot,116
35405,2020-05-27,2,monocot,0
35405,2020-05-27,2,cirar,0
35405,2020-05-27,2,equar,0
35405,2020-05-27,3,dicot,72
35405,2020-05-27,3,monocot,0
35405,2020-05-27,3,cirar,0
35405,2020-05-27,3,equar,0
35406,2020-05-27,1,dicot,80
35406,2020-05-27,1,monocot,0
35406,2020-05-27,1,cirar,0
35406,2020-05-27,1,equar,0
35406,2020-05-27,2,dicot,112
35406,2020-05-27,2,monocot,0
35406,2020-05-27,2,cirar,0
35406,2020-05-27,2,equar,0
35406,2020-05-27,3,dicot,116
35406,2020-05-27,3,monocot,0
35406,2020-05-27,3,cirar,0
35406,2020-05-27,3,equar,0
35501,2020-05-27,1,dicot,0
35501,2020-05-27,1,monocot,60
35501,2020-05-27,1,cirar,0
35501,2020-05-27,1,equar,0
35501,2020-05-27,2,dicot,8
35501,2020-05-27,2,monocot,84
35501,2020-05-27,2,cirar,0
35501,2020-05-27,2,equar,0
35501,2020-05-27,3,dicot,16
35501,2020-05-27,3,monocot,52
35501,2020-05-27,3,cirar,0
35501,2020-05-27,3,equar,0
35502,2020-05-27,1,dicot,8
35502,2020-05-27,1,monocot,16
35502,2020-05-27,1,cirar,20
35502,2020-05-27,1,equar,0
35502,2020-05-27,2,dicot,40
35502,2020-05-27,2,monocot,8
35502,2020-05-27,2,cirar,8
35502,2020-05-27,2,equar,0
35502,2020-05-27,3,dicot,52
35502,2020-05-27,3,monocot,32
35502,2020-05-27,3,cirar,8
35502,2020-05-27,3,equar,0
35504,2020-05-27,1,dicot,52
35504,2020-05-27,1,monocot,36
35504,2020-05-27,1,cirar,0
35504,2020-05-27,1,equar,0
35504,2020-05-27,2,dicot,20
35504,2020-05-27,2,monocot,60
35504,2020-05-27,2,cirar,0
35504,2020-05-27,2,equar,0
35504,2020-05-27,3,dicot,36
35504,2020-05-27,3,monocot,48
35504,2020-05-27,3,cirar,0
35504,2020-05-27,3,equar,0
35505,2020-05-27,1,dicot,20
35505,2020-05-27,1,monocot,72
35505,2020-05-27,1,cirar,0
35505,2020-05-27,1,equar,0
35505,2020-05-27,2,dicot,8
35505,2020-05-27,2,monocot,16
35505,2020-05-27,2,cirar,0
35505,2020-05-27,2,equar,0
35505,2020-05-27,3,dicot,44
35505,2020-05-27,3,monocot,64
35505,2020-05-27,3,cirar,0
35505,2020-05-27,3,equar,0
35506,2020-05-27,1,dicot,8
35506,2020-05-27,1,monocot,80
35506,2020-05-27,1,cirar,0
35506,2020-05-27,1,equar,0
35506,2020-05-27,2,dicot,8
35506,2020-05-27,2,monocot,72
35506,2020-05-27,2,cirar,0
35506,2020-05-27,2,equar,0
35506,2020-05-27,3,dicot,12
35506,2020-05-27,3,monocot,8
35506,2020-05-27,3,cirar,0
35506,2020-05-27,3,equar,0
